keyword,words,date
청바지,딱 모양 구매,2018.09.16 15:17
청바지,무난 바지 길이 적당 버클 색상,2018.09.10 14:03
청바지,치노 퍼티그 데님 등 활용도 벨트 유니클로 많이 이용 재질 유니클로 이상,2018.09.09 20:49
청바지,배송 만족 상품 생각 딱딱 가성비 짱짱,2018.09.08 12:06
청바지,무난 청바지 가격 적당 맘 허리 길이 느낌,2018.08.28 09:24
청바지,벨트 필요,2018.08.23 13:22
청바지,사이즈 선택 잘못 가죽 튼튼 좋아요 깔끔,2018.08.21 14:46
청바지,겉 걱정 크게 티아,2018.08.20 08:47
청바지,품질 좋고 두껍 바지 다른 색상 구매,2018.08.18 09:59
청바지,디자인 마음 스몰 커서 그냥 구멍 사용,2018.08.16 15:46
청바지,블랙 구매 기본 충실 제품 코디 월하 가성비 좋은 벨트 깔끔,2018.07.31 17:43
청바지,실버 앤 틱 실버 차이 실버 실버 얼굴 반짝임 걱정 눈 실버 엔,2018.07.28 17:20
청바지,가격 좋고 디자인 좋고 활용도 굿 가죽 헤지 느낌,2018.07.25 12:35
청바지,벨트 무난 적당 가격 품질 만족 착용,2018.07.22 16:26
청바지,생각 가죽 냄새 바지 벨트 포인트 딱,2018.07.20 14:25
청바지,길 패션 딱 원 느낌 소가죽 냄새 장난,2018.07.20 10:39
청바지,가죽 벨트 개 벨트 이뻐 딱 스타일 길이 완벽,2018.07.19 01:21
청바지,갈색 벨트 필요 참 눈 버클 크기 적당 캐쥬얼 포인트 차기,2018.07.10 09:06
청바지,디자인 무난 가격 무난 벨트 옷 그냥 착용 길이 딱 적당,2018.07.10 01:46
청바지,허리 얇은 벨트 많이 벨트 딱 좋아요 뻑뻑 느낌 많이 착용 가죽 외피,2018.07.09 20:49
청바지,벨트 큰 투자 가격 무난,2018.07.07 22:38
청바지,가격 만족 약간 타이트,2018.06.27 08:09
청바지,튼튼 색 고급,2018.06.24 14:07
청바지,사이즈 딱 배송 암 관리 구매,2018.06.22 13:30
청바지,요새 벨트 연청 슬랙스,2018.05.07 18:53
청바지,무신사 스탠다드 기본 벨트 처음 구매 허리 사이즈 별로 길 지정 가능 좋아요,2018.05.04 23:59
청바지,좋은 가격 질 좋은 벨트 구입 다른 색 구입,2018.05.04 12:25
청바지,가격대 비 좋은 다른 색 구매 많이,2018.04.30 21:34
청바지,튼튼 데일리 소가죽 벨트 무신사 스탠다드 제품 만족도 구매 요즘 벨트 이거 차고 가죽 통 가죽 튼튼 버클 딱,2018.04.29 14:44
청바지,좋은 가격 좋은 제품 감사 생각 버클 생각 느낌,2018.04.18 17:22
청바지,딱 커서 구멍 대부분 모양 작은 추천,2018.04.13 10:21
청바지,길 조절 방식 걱정 주문 길이 적당,2018.04.08 14:21
청바지,매도 가볍 무난 무난 좋아요,2018.04.07 23:47
청바지,가격 완전 가성비 생각 많이 두꺼워 당황,2018.04.07 23:46
청바지,짱짱 쫀쫀 앞으로 좋은 제품 많이,2018.04.05 17:29
청바지,기본 아이템 코디 브랜드 이용,2018.04.05 03:47
청바지,생각 벨트 두꺼운 느낌 가성비,2018.04.04 18:51
청바지,장난 최고 갑 벨트 다른 컬러,2018.03.31 10:53
청바지,블랙 회색 느낌,2019.03.09 13:32
청바지,스판 끼 좋고 깔끔 굳 굳,2018.12.15 02:53
청바지,투엑스 라지 다른 바지,2018.12.12 21:06
청바지,처음 구매 마음 어 가요 바지 스타일,2018.10.17 08:05
청바지,스판 끼 쨍한 검은 색 검은 색 이뻐,2018.07.10 22:29
청바지,허벅지 신경 무난,2018.04.02 03:12
청바지,기존 청바지 사이즈 아쉽 게도 사이즈 미스 많이 입질 재질 가성비 좋아 퍼블릭아이콘 이용 생각,2017.12.06 22:36
청바지,여자친구 선물,2019.04.26 13:34
청바지,사진 많이 이뻐 슬림 부담 핏 기분 좋아 짐,2019.04.03 16:18
청바지,길이감 사이즈 적당 밑 포인트 이뻐 색감 괜찮,2019.04.01 10:47
청바지,요새 옷 제일 맘 부츠 컷 존예 바지 짱짱 좋아요,2019.04.10 02:43
청바지,와이드,2019.05.14 21:25
청바지,먼지 많이 핏 가격대 비,2019.02.09 17:12
청바지,딱 배송 감사,2019.01.30 22:22
청바지,주머니 챙 그냥 삿포로,2018.12.05 20:45
청바지,평소 좋고 코디 좋은 무난 제품,2019.05.08 03:28
청바지,년대 청바지 스타일 색감 괜찮 톰 봄가을 아쉬운 허벅지 통 기재 큼,2019.03.03 22:31
청바지,원래 허벅지 와이드 핏 허벅지 슬림핏 할인 구매 진짜진짜 간,2019.02.27 11:48
청바지,친구 주문 주문 배송 저렴 가격 예쁜 바지,2019.02.23 11:38
청바지,배송 느려 당황,2019.02.22 14:58
청바지,만족,2019.02.22 14:08
청바지,딱 색상 핏 가격 친구 주문 키 루즈 허리,2019.02.19 01:34
청바지,배송 옷,2019.02.17 17:13
청바지,설 연휴 결제 감사,2019.02.12 16:29
청바지,허리 넓어 바지 박시한 티 허리,2019.02.06 14:53
청바지,다리 구매 핏 좋고 딱 좋아요 허리,2018.12.01 19:47
청바지,그냥 검은 색 청바지 신축 성은,2019.05.05 22:58
청바지,기대 길이 적당 핏 좋아요 발목 시보리 짱짱,2019.04.30 22:54
청바지,통 사이즈 휴가,2019.02.16 19:40
청바지,설 연휴 결제 비교 다른 상품 도착 물건,2019.02.12 16:30
청바지,바지 질 좋고 허리 벨트 매 이쁜 디자인,2019.05.01 09:02
청바지,사이즈 주문 이뻐 치수 크게 괜찮은,2019.04.06 08:43
청바지,비슷한 디자인 바지 반 값 세일 호 학,2019.03.27 22:03
청바지,귀여워 색 딱 이쁜 중청,2019.04.23 13:17
청바지,신축 좋아 색 지금 여름,2019.04.15 00:14
청바지,배송 배 송 배송 누락,2019.02.05 00:10
청바지,원단 개 좋은 사이즈 큰 슬림핏 평소 크게,2019.04.30 07:06
청바지,소재 일반 청바지 흐물 거리 느낌,2019.05.03 20:16
청바지,브랜드 처음 디자인 핏 색 만족 키 사이즈 기장 그냥 핏 좋고 무난 편하게,2019.05.05 16:48
청바지,저렴 가격 좋은 바지,2019.05.04 09:18
청바지,옷 교환 교환 반 송 택배 비 조심 작게 나 교환 요청 반 송 비용 동봉 하도 반 송 문의 답변 반 송금액,2019.05.14 16:26
청바지,기장 많이 길 수선 필수 부위 밑위 다리 짧아,2019.05.02 01:00
청바지,허벅지 타이트 딱 허리 디자인 생각 두꺼워 한여름,2019.04.18 09:24
청바지,사이즈 정사이즈 딱 감사,2019.04.15 00:57
청바지,사이즈 작아 완전 스키니 허리 사이즈 업,2019.03.04 05:03
청바지,사진 슬림 기장 짧게 체 질 이뻐 봄 가을,2019.02.09 19:20
청바지,만족 핏 다크 블랙 색상 오 면,2019.02.08 03:02
청바지,기준 딱 가격 많이,2019.05.16 18:28
청바지,허리 벨트 제일 끝 로하 면 많이 빳빳 많이,2019.05.15 19:57
청바지,원래 싸구려 벨트 벨트 처음 벨트 입문 디자인 예쁘 내 구도 좋고 만족,2019.05.15 18:41
청바지,벨트 두껍 옷 이용,2019.05.15 17:46
청바지,허리 커버 구멍 개 다용도 칭기,2019.05.15 20:53
청바지,가격대 비 벨트 생각 좋은 가격 구매,2019.05.15 16:38
청바지,가격대 비 튼튼 퀄리티 좋고 디자인 좋아요,2019.05.15 21:49
청바지,가격대 비 최고 벨트 이쁜 벨트,2019.05.15 22:17
청바지,벨트 예뻐서 좋고 내구성,2019.05.15 15:28
청바지,사이즈 별로 좋고 기본 만해,2019.05.15 14:15
청바지,깔끔 기본 벨트 사이즈 좋아요,2019.05.15 13:12
청바지,가격 퀄리티 면 브랜드 가격 저렴 허 부족,2019.05.16 14:36
청바지,가죽 짱짱 사용 감사,2019.05.16 14:20
청바지,사이즈 생각 다른 색상 구매,2019.05.16 14:09
청바지,매우 만족 구입,2019.05.15 11:43
청바지,가죽 냄새 착용 무난 깔끔,2019.05.15 10:27
청바지,가격 가죽 괜찮 내구성 좋은,2019.05.15 10:12
청바지,과 심플 기본 벨트 무난 착용,2019.05.15 09:25
청바지,필요 벨트,2019.05.15 07:48
청바지,질 좋은 구입 의사,2019.05.15 02:54
청바지,무난 착용 그냥 무난,2019.05.15 02:28
청바지,후기 짧은 평소 바지 배송 가격대 비,2019.05.14 23:25
청바지,무신사 스탠다드 평소 벨트 튼튼 슬랙스 사이즈 미스 환불 벨트 짱짱,2019.05.14 19:48
청바지,생각 뚱뚱,2019.05.14 19:37
청바지,착용 가능 문제 사이즈 잘못 구멍 추가,2019.05.16 08:30
청바지,맘 내구성,2019.05.16 06:48
청바지,가격 딱 퀄리티 편하게 마른 사람,2019.05.16 02:56
청바지,아버지 선물 나이 어른 착용,2019.05.14 16:28
청바지,벨트 차고 매우,2019.05.14 11:07
청바지,굵기 버클 올드,2019.05.14 09:43
청바지,슬랙스 벨트 기본 디자인,2019.05.14 09:01
청바지,생각 짧아 기본템 깔끔,2019.05.14 08:38
청바지,가격 대비 생각 품질 좋은,2019.05.14 03:33
청바지,벨트 착용 포인트 제품 괜찮은,2019.05.14 00:17
청바지,블랙 벨트 필요 구매 가격대 버클 고급 착용,2019.05.14 00:01
청바지,허리 얇은 구멍 필요,2019.05.13 23:03
청바지,무난 무난 좋아요 가성 대비 좋은,2019.05.13 22:03
청바지,돈 값 딱 가격 퀄리티 생각,2019.05.13 18:04
청바지,고민 많이 돈 값 많이,2019.05.13 17:50
청바지,벨트 가죽 짱짱 좋아요,2019.05.13 15:04
청바지,적당 품질 적당 가격 쓰기 좋아요,2019.05.11 22:06
청바지,나름 나름 무난함 질 괜찮 단점 큼,2019.05.12 09:17
청바지,벨트 필요 가성비 벨트 년,2019.05.11 15:51
청바지,별루 좋아 추천,2019.05.11 22:14
청바지,무난 좋은 아이템,2019.05.11 13:52
청바지,그냥 일반 무난 벨트,2019.05.11 13:48
청바지,딱 무난 기본 아이템 사용,2019.05.12 01:21
청바지,추천,2019.05.12 01:08
청바지,처음 교환 평소 바지 가도 현재 사이즈 계속 사용 구멍 모자 사용,2019.05.11 12:17
청바지,배송 좋은 벨트 구멍 아쉬움,2019.05.11 11:57
청바지,가격 퀄리티 심플 재질,2019.05.11 10:41
청바지,데일리 최고 최고 가격 질 좋고 그냥 개꿀 녀,2019.05.11 10:08
청바지,기본 가죽 벨트 필요 후기 좋고 만족 코디 좋아요,2019.05.10 23:26
청바지,사이즈 선택 허리 면 라지 적격,2019.05.10 20:29
청바지,길이 사이즈 필요,2019.05.10 20:09
청바지,상품 괜찮 기본템 벨트,2019.05.10 20:06
청바지,남친 벨트 많이 기본템 구매,2019.05.10 16:47
청바지,무난 지게 괜찮은 기본템 추천,2019.05.12 23:34
청바지,사이즈 미스 나기 매일 착용 좋아요,2019.05.12 21:42
청바지,가격 퀄리티 매우 만족,2019.05.12 20:40
청바지,그냥 가격 괜찮은 제품 냄새 조금,2019.05.12 18:44
청바지,저렴 가격 탄탄 벨트 구입,2019.05.12 18:31
청바지,느낌 길이 적당 데일리,2019.05.10 14:18
청바지,좋아 가성비 가죽 질도 좋고 사이즈,2019.05.10 13:26
청바지,가죽 냄새 많이 깔끔,2019.05.10 13:19
청바지,무난 무난 재질 괜찮 가격 무난 무난 그냥,2019.05.10 11:31
청바지,사이즈 디자인 착용감 추천,2019.05.10 11:19
청바지,느낌 질 낮 일반 벨트 처음 가죽,2019.05.10 11:12
청바지,청바지 버클 검은 색 검정 슬랙스 베이지 색 면바지,2019.05.10 02:50
청바지,허리 얇은 가 구멍 포인트,2019.05.09 23:52
청바지,구멍 개 만족,2019.05.09 21:36
청바지,그냥 저냥 완전 좋은 가격값,2019.05.09 19:50
청바지,별로 가성비 최고,2019.05.09 19:33
청바지,딱 개 짱짱 좋아요,2019.05.09 19:18
청바지,평범 벨트 생각,2019.05.09 17:41
청바지,재질 좋고 퀄리티 좋아요 하자 엑스라지 라지,2019.05.09 17:20
청바지,싼 맛 사기 좋아요 재질 나쁜 차고,2019.05.09 16:15
청바지,등 좋아요 배송 내,2019.05.09 15:42
청바지,벨트 사이즈 딱 허리,2019.05.09 15:12
청바지,아쉬운 구멍 허리 얇아,2019.05.09 14:30
청바지,재질 무난 무난 후회,2019.05.08 19:55
청바지,벨트 옷 넣입 포인트 주기 괜찮은,2019.05.08 19:28
청바지,배송 재질 추천,2019.05.08 17:18
청바지,가격대 비 품질 길이 괜찮 코디 무난,2019.05.08 15:24
청바지,저렴 검정색 청바지,2019.05.08 14:40
청바지,좋은 나중,2019.05.08 12:48
청바지,후기 좋아 기대 탓 실망감 재질 버클 싼티 무난 활용도 사용,2019.05.08 12:45
청바지,상품 좋은 길이 제품,2019.05.08 12:37
청바지,무태 합작 가격 좋고 레더 벨트 필요,2019.05.08 12:29
청바지,심플 벨트 필요 딱 사이즈,2019.05.08 07:30
청바지,벨트 튼튼 디자인 생각 맘 에드,2019.05.08 01:41
청바지,이전 벨트 구매 생각 무난 디자인 이상,2019.05.07 23:26
청바지,반신반의 처음 돈 벨트 딱,2019.05.07 22:33
청바지,사진 버클 미묘 멋 구멍 마감 별로 인걸 이외 완벽 품질 괜찮,2019.05.07 19:29
청바지,사이즈 딱 무난,2019.05.07 19:25
청바지,생각 뻣뻣 나름 만족,2019.05.07 17:56
청바지,항 내구성 테스트,2019.05.07 17:06
청바지,색감 이뻐 벨트 개봉 시 벨트 색 실,2019.05.07 14:45
청바지,무난 무난 딱 기본 벨트 다른 색 생각,2019.05.07 13:23
청바지,깔끔 좋아요 매일,2019.05.07 12:51
청바지,가루 불편 가죽 크림 필요,2019.05.07 12:40
청바지,그냥 평소 허리띠 가성비 좋아요,2019.05.07 12:20
청바지,허리 일반 무난 착용 가능,2019.05.07 00:22
청바지,완전 무난 코디 가성비 짱,2019.05.06 16:16
청바지,무난 검정색 벨트 딱 괜찮은 튼튼,2019.05.06 14:36
청바지,허리 커서 여주 맛,2019.05.06 14:03
청바지,교복 벨트 처음 벨트 사본 캐쥬얼 룩 바지 벨트 벨트,2019.05.06 13:07
청바지,인생 검정 벨트 예쁘 맘 에드 좋아요,2019.05.06 12:20
청바지,벨트 고민 무난,2019.05.05 22:11
청바지,길 좋은 가죽 냄새 그냥 가죽 냄새 이상한 냄새,2019.05.05 22:03
청바지,가격대 괜찮 벨트 처음 디자인 깔끔 길이 적당,2019.05.05 18:12
청바지,품질 은정 괜찮은 생각 큰 사이즈 라지 미디움,2019.05.05 15:44
청바지,짱짱 튼튼 늘어나 경향,2019.05.05 15:20
청바지,가성비 짱짱 제품 재질 가격 좋고 구멍,2019.05.04 17:20
청바지,상품 하자 가격,2019.05.04 13:36
청바지,길이 조금 아쉽 퀄리티 색감 벨트 자주 착용,2019.05.04 12:45
청바지,배 고민 검색 후기 좋아요,2019.05.04 18:17
청바지,상품 고맙습니다 매우 만족,2019.05.04 11:49
청바지,이탈리안 불하 이드 레더 벨트 청바지 슬랙스,2019.05.05 06:20
청바지,정장 바지 커버 무리 캐주얼 복장 깔끔 법 벨트 무난 정장 벨트,2019.05.03 20:36
청바지,벨트 매우 만족 불편 사용,2019.05.03 19:46
청바지,가격대 비 벨트 생각 고로 조크,2019.05.03 19:12
청바지,길이 구멍 개 맘,2019.04.30 23:53
청바지,캐주얼 감사,2019.05.03 18:36
청바지,명품 옷 차림새 깔끔 벨트 착용 심플 깔끔 느낌 좋아요,2019.05.03 17:24
청바지,실물 이쁜,2019.05.03 16:22
청바지,기본 벨트 생각 이뻐 추천,2019.05.03 15:31
청바지,완전 무난 지게 데일리 최고,2019.05.03 15:22
청바지,가성비 좋아요 맘,2019.05.03 15:06
청바지,가격대 디자인 깔끔 무난 좋은,2019.05.03 11:11
청바지,할아버지 허리 사실 사이즈 간 당간 품질 은 굿,2019.05.03 10:12
청바지,가성비 무난 무난 벨트,2019.05.03 10:02
청바지,벨트 제품,2019.05.03 00:25
청바지,무난 쓰기 좋은 그냥 일반 벨트 가격,2019.05.03 00:17
청바지,배송 가격대 비 무난 무난 사용,2019.05.02 23:17
청바지,버클 스타일 좋아요 가죽 소재 맘,2019.05.02 22:04
청바지,가성비 크기 적당 좋아요 강추,2019.05.02 22:03
청바지,달 사용 벨트 사용,2019.04.30 19:45
청바지,벨트 필요 감사 하비 페이 리즈,2019.05.02 20:34
청바지,벨트 고급 차 볼,2019.05.02 20:00
청바지,사이즈 미스 고생 아주 좋아요,2019.05.02 19:56
청바지,가격 딱 양가죽,2019.05.02 18:19
청바지,색상 매우 깔끔 뻣뻣,2019.05.02 18:05
청바지,딱 기본 벨트 무난 무난 이뻐 가죽 제품 가격 딱,2019.05.02 18:03
청바지,기본 벨트 벨트 그냥 사심,2019.05.02 17:52
청바지,페이퍼 즘 벨트 블랙 무난 무난 기본 벨트 가성비 최고,2019.05.02 17:08
청바지,짱짱 기본템,2019.05.01 18:36
청바지,재구매 의사 일주일 가죽,2019.05.01 17:36
청바지,색상 배송 길이 적당,2019.05.01 16:56
청바지,저렴 가격 좋은 제품 배송 빨라 좋아요,2019.05.01 16:45
청바지,길이 적당 디자인 무난 구멍,2019.05.01 14:10
청바지,생각 짱짱 넣입 코디,2019.05.01 12:31
청바지,기본 벨트 필요 벨트 입문,2019.05.01 11:54
청바지,전체 그냥 무난 고급 그냥 가격 느낌,2019.05.01 10:49
청바지,벨트 사이즈 주문 디자인 심플,2019.05.01 10:42
청바지,기본 벨트 필요 막 쓰기,2019.05.01 10:38
청바지,생각 두껍,2019.05.01 10:10
청바지,블랙 이뻐 브라운 베이지 바지 구용,2019.04.30 17:41
청바지,생각 가죽 좋은 읍,2019.04.30 17:34
청바지,가격대 비 좋아요 가성비,2019.05.02 14:46
청바지,청바지 슬랙스 무난 티 지안 이뻐,2019.05.02 14:30
청바지,길이 색상 만족 가죽 냄새,2019.05.02 13:13
청바지,벨트 사이즈 적당 추가 필요 디자인 무난 데일리룩 딱,2019.05.01 19:22
청바지,무난 그냥 깔끔 슬랙스 바지,2019.05.01 19:13
청바지,라지 구멍 참고 벨트 만족,2019.04.30 05:05
청바지,선물 사이즈 가격대 괜찮은 사람,2019.05.01 22:08
청바지,평범 데일리 색,2019.05.02 10:50
청바지,질 착용감,2019.05.02 10:48
청바지,매치 잘 심플 기본탬 딱,2019.04.30 10:07
청바지,튼튼 길이 적당 폭 부담 깔끔,2019.05.01 09:39
청바지,기본 벨트 사용 튼튼 한지 사용,2019.05.01 02:54
청바지,가격 면 만족 버클 생각,2019.05.01 23:50
청바지,깔끔 가성비 가죽 주름 느낌 만족,2019.04.30 01:56
청바지,가죽 짱짱 허리,2019.04.30 01:28
청바지,벨트 필요 사용 가격대 비 좋은,2019.04.30 01:09
청바지,대안 퀄 벨트,2019.05.02 02:10
청바지,가격 생각 고급 벨트 질 차이 차고 마 블랙 ㄱㄱ,2019.05.02 01:32
청바지,좋아요 색 다른 개 구매,2019.05.02 00:56
청바지,벨트 사이즈 가죽 괜찮은 색도 이뻐,2019.05.02 00:56
청바지,배 얼마 벨트 달 버클 약간 크랙 최고,2019.05.06 22:56
청바지,유연 망가 질 가격 생각,2019.04.29 06:23
청바지,아주 딱 중간 구멍 맘 조금 튼튼 하규 좋아,2019.04.29 03:51
청바지,기본 아이템 데일리 착용,2019.04.29 02:16
청바지,색감 핏 길이 좋고 사고,2019.04.29 02:05
청바지,질 좋아 좋아 마음,2019.04.28 21:02
청바지,유니네 벨트 좋고 싼가격 이용,2019.04.28 20:52
청바지,생각 사이즈 좋아요 실물,2019.04.28 18:52
청바지,이탈리안 불하 이드 레더 벨트 구멍 좋은 상품 착용 결과 무난 괜찮은,2019.04.28 11:51
청바지,가격대 비 퀄리티 튼튼,2019.04.28 10:32
청바지,색감 이용,2019.04.28 07:17
청바지,기본템 가죽 벨트 필요 돈,2019.04.28 01:19
청바지,벨트 가죽 디자인 마음 사이즈 큰감,2019.04.27 22:27
청바지,이뻐 사이즈 좋아요 추천 가성비 굿,2019.04.27 21:20
청바지,슬랙스 청바지 무난 밖 코디 가능 배바지 이뻐 인생 벨트 고민 사람 추천 가성비 갑,2019.04.27 14:34
청바지,기본 기본 두껍 오래 사용,2019.04.27 12:41
청바지,원 에 산 벨트,2019.04.27 06:47
청바지,사이즈 미스 부해 버 개 졸 아영,2019.04.27 01:11
청바지,벨트 무난 고급,2019.04.26 23:45
청바지,버클 모양 고민 많이 가격대 비 만족,2019.04.26 21:09
청바지,무난 깔끔 착용 벨트 딱,2019.04.25 20:19
청바지,가성비 재질 조금 아쉽 가격 재질 좋은 생각 사도,2019.04.25 20:16
청바지,가죽 생각 이상 가격 면,2019.04.25 19:07
청바지,가격대 비 재질 맘 버클 블랙 색상 브라운 추가,2019.04.25 16:48
청바지,사이즈 세번 구멍 딱 착용 좋아요,2019.04.25 15:13
청바지,세상 무난 가죽 벨트 구매,2019.04.25 12:52
청바지,벨트 구매,2019.04.25 08:53
청바지,색 예뻐서,2019.04.25 00:18
청바지,평소 벨트 추천 디자인 품질 괜찮 소가죽 좋아요,2019.04.25 00:02
청바지,가성비 좋은 색도 괜찮 짱짱,2019.04.24 19:31
청바지,포인트 좋고 생각 늘어나 모양,2019.04.24 19:11
청바지,가성비 좋은 키 허리 라지 추천 구멍 모질라서 자체,2019.04.24 18:30
청바지,가성비 괜찮,2019.04.24 18:22
청바지,모양 살이 구멍 이용,2019.04.24 16:36
청바지,사이즈 후회합니다 디자인 실용 좋아요,2019.04.24 16:34
청바지,깔끔 이뻐 구매,2019.04.24 16:33
청바지,벨트 처음 구매 가격값,2019.04.24 15:15
청바지,넣입 충 벨트 끼는 데일리,2019.04.24 15:04
청바지,평상시 딱 벨트 사이즈 적당 공 느,2019.04.24 14:53
청바지,구매 디자인 기능 만족,2019.04.24 14:13
청바지,전체 맘 뻑뻑 만족,2019.04.24 13:11
청바지,마음 가격 괜찮 심플 많이,2019.04.24 12:54
청바지,무난 스타일 가성비 좋은,2019.04.24 12:06
청바지,벨트 퀄리티 의향,2019.04.24 12:00
청바지,깔끔 디자인 만족 착용,2019.04.24 11:52
청바지,기본 벨트 필요 맘 좋아요 가성비 갑,2019.04.24 11:49
청바지,마른 구멍 오염 느낌,2019.04.24 11:36
청바지,허리 이상이 면,2019.04.24 03:13
청바지,길이 적당 튼튼 가격대 비 괜찮은,2019.04.24 03:04
청바지,고급 느낌 일상 사용,2019.04.23 18:47
청바지,그냥 나쁘 지도,2019.04.23 18:31
청바지,구멍 개,2019.04.23 12:36
청바지,배 처음 질 괜찮은 착용감 좋아요,2019.04.23 00:01
청바지,가죽 좋은 생각 딱 좋아,2019.04.22 22:55
청바지,가격대 비 가성비 아주 좋고 배송 빨라,2019.04.22 21:52
청바지,길이 리뷰 걱정 적당 디자인 만족,2019.04.22 21:23
청바지,허리 인치 이쁜 벨트 차고,2019.04.22 20:33
청바지,가격대 비 질 개 디자인 무난 슬랙스 청바지 매치,2019.04.22 18:15
청바지,만족 다른 색 구매 좋아요,2019.04.22 16:16
청바지,제품 디자인 품질 괜찮은 구멍 사이즈 집 사실 평소 사이즈 다운,2019.04.21 13:17
청바지,가성비 쓰기 제격 내구성 구매,2019.04.21 12:53
청바지,가죽 짱짱 허리 딱 좋아요,2019.04.21 12:51
청바지,가성비 좋고 디자인 깔끔 내구성 좋은,2019.04.21 12:41
청바지,벨트 구입,2019.04.21 23:02
청바지,가격대 비 품질 좋은,2019.04.21 09:39
청바지,벨트,2019.04.20 20:13
청바지,키 몸무게 길 사이즈 딱 사이즈,2019.04.20 19:42
청바지,허리 마지막 칸 디자인,2019.04.20 19:28
청바지,사이즈 적당 가죽 질 가격대 비 괜찮은 재구매 의사,2019.04.20 19:20
청바지,원 레 벨트 퀄리티 감탄,2019.04.20 18:56
청바지,무난 무난 검정색 실버 매일 매일 차기 좋은 기본 벨트 사람 그냥 면,2019.04.20 18:34
청바지,벨트 무난 상품 설명 사이즈 주문,2019.04.20 18:28
청바지,처음 뻑뻑 사용 착 감기 맛,2019.04.20 17:35
청바지,가격 매우 저렴 기본 벨트 마음,2019.04.23 23:01
청바지,벨트 구입 블랙 이뻐 구매 무난 기본템,2019.04.23 23:01
청바지,벨트 가죽 가격 퀄리티 좋은 제품,2019.04.20 16:38
청바지,벨트 길이감 딱 재질 많이,2019.04.20 10:04
청바지,벨트 고급 느낌 무난 느낌,2019.04.20 04:37
청바지,슬랙스 청바지 면바지 느낌,2019.04.20 00:34
청바지,생각 고급 탄탄 느낌 추천,2019.04.20 00:28
청바지,두꺼운 딱 퀄,2019.04.20 00:00
청바지,기본 충실 벨트 무난 가격 저렴,2019.04.19 19:10
청바지,바지 평소 젤 끝 완전 딱,2019.04.19 18:52
청바지,생각 많이 바지 허리 엠 엠 큰 차이,2019.04.19 18:30
청바지,벨트 가죽 질 가격,2019.04.19 17:11
청바지,길이 맘 에드 추천,2019.04.19 14:14
청바지,무난 무난 벨트,2019.04.19 14:14
청바지,촌스럽 실용적 돈 후회,2019.04.19 13:07
청바지,가성비 좋고 조금,2019.04.19 09:12
청바지,가격 마감 엉망 소가죽 리트 실물,2019.04.19 03:59
청바지,허리 정돈 기본템 구매,2019.04.19 02:59
청바지,벨트 두꺼운 가죽 가격 뇨,2019.04.19 02:39
청바지,허리 사이즈 이하 사이즈 세번 칸 디자인 겉 괜찮은 투 심플 적당 느낌,2019.04.19 02:11
청바지,데일리 착용 스텐 벨트 개 구매 만족,2019.04.19 01:47
청바지,그냥 무난 바지,2019.04.18 13:12
청바지,가격 대비 가죽 좋은,2019.04.18 17:52
청바지,길이 딱 적당 튼튼 만족,2019.04.18 19:33
청바지,기본기 충실 배 강추 굳,2019.04.18 19:27
청바지,버클,2019.04.18 19:21
청바지,기대 튼튼 디자인 이뻐,2019.04.17 14:51
청바지,매치 좋은 벨트 많이 착용,2019.04.17 01:19
청바지,전투용 벨트 페이탈리즘,2019.04.16 22:08
청바지,디자인 손 느낌 명품 진심 굿,2019.04.16 21:39
청바지,생각 버클 굵기 두께감,2019.04.16 20:22
청바지,가성비 짱 디자인 무난 재질 괜찮 바지,2019.04.16 18:33
청바지,검정 벨트 면 가성비 벨트,2019.04.16 17:48
청바지,심플 튼튼 좋아요 가성비 기본 벨트 추천,2019.04.16 17:32
청바지,가격 딱 벨트 그냥 무난,2019.04.16 06:47
청바지,좋은 퀄리티 딱 가격,2019.04.15 23:19
청바지,벨트 길이,2019.04.15 22:22
청바지,기본 벨트 최고 디자인 무난 벨트 사이즈 딱,2019.04.15 20:00
청바지,가죽 벨트 가격 가성비 매우 훌륭한,2019.04.15 19:52
청바지,벨트 상위권 생각 가성비 좋고 버클 디자인 좋은 가죽,2019.04.15 19:32
청바지,질 좋아요 허리 인치 사이즈 구멍,2019.04.15 16:06
청바지,가격 가죽 벨트 퀄리티 신기,2019.04.15 12:27
청바지,딱 가성비 무난 무난,2019.04.18 00:15
청바지,기대 완전 만족 매일 차고 사실 길,2019.04.14 23:44
청바지,벨트 차고 기본 벨트 만족,2019.04.14 23:12
청바지,퀄리티 좋고 가격대 비 사용,2019.04.14 22:48
청바지,그냥 무난 가격대 비 좋은 퀄리티 기대,2019.04.14 22:20
청바지,허리 얇아 벨트 벨트 사이즈,2019.04.14 22:10
청바지,디자인 무난 기장 만족,2019.04.14 20:53
청바지,사이즈 딱 허리 마지막 구멍 딱 저스트,2019.04.14 20:36
청바지,난 좋은 조금 큰 깔끔,2019.04.14 16:11
청바지,많이 이유 여태 구매 벨트 마음,2019.04.14 09:54
청바지,허리 사이즈 벨트,2019.04.14 03:30
청바지,가성비 좋은 사이즈 아쉬운 매우 만족,2019.04.14 01:07
청바지,무난 길이 적당 튼튼 좋아요,2019.04.14 00:47
청바지,가격 저렴 사이즈 큼 딱 오,2019.04.13 11:48
청바지,가성비 괜찮은 재질 지금 일반 사기 사이즈 생각 작아 큰 추천,2019.04.13 08:40
청바지,슬랙스 메기 좋은 벨트 기본 추천,2019.04.13 03:07
청바지,생각 퀄리티 가격 퀄리티 면 땡큐 베리,2019.04.13 01:24
청바지,무탠다드 제품 사이즈 딱 길 수선,2019.04.12 23:57
청바지,벨트 허리 마지막 칸 나중 구멍 사이즈 참고,2019.04.12 23:54
청바지,가격 반신 반 가성비 완전 좋아요,2019.04.12 20:25
청바지,가성비 좋고 길이 적당 착용 딱,2019.04.12 20:11
청바지,주름,2019.04.12 18:00
청바지,디자인 좋고 무난 착용감 좋고,2019.04.12 16:28
청바지,쇠 매치 주름,2019.04.12 10:26
청바지,가격 퀄리티 만족 다른 색 구매 정,2019.04.11 18:56
청바지,기본 청바지 슬랙스 사용 벨트 주문 범용 사용 좋아요,2019.04.11 16:26
청바지,좋아요 가죽 짱짱 지난번 좋아,2019.04.11 13:37
청바지,벨트 추천 모양 심플,2019.04.11 13:35
청바지,튼튼 좋아요,2019.04.11 09:27
청바지,허리 허리띠 안쪽 구멍 착용,2019.04.11 01:24
청바지,칸 개 다행,2019.04.10 22:36
청바지,기본 벨트 암 차 이뻐 가성비,2019.04.10 21:04
청바지,벨트 필요 생각 좋아 매일 착용,2019.04.10 20:32
청바지,원래 유니네 불편 디자인 가죽 허리 얇아 사이즈 딱,2019.04.10 20:28
청바지,가격 저렴 질 사이즈 괜찮,2019.04.10 19:09
청바지,무난 좋아요 딱,2019.04.10 19:08
청바지,그냥 무난 무난 가성비 좋은 벨트 구멍 사용,2019.04.10 18:54
청바지,검정 실버 두께 적당 실버 가죽색,2019.04.10 17:25
청바지,사이즈 활용도 구매 반팔 제일 끝 구멍 필자 허벅지 괴물 체형 허벅지 바지 허리,2019.04.10 16:47
청바지,적당 가격 제품 품질 괜찮 미니멀 쓰기 좋은,2019.04.10 16:44
청바지,오디 기본 코디 필요,2019.04.10 15:47
청바지,주변 벨트 필요 사람 선물,2019.04.10 14:49
청바지,난 무난 바지 넣입 많이 융,2019.04.10 14:00
청바지,튼튼 심플 멋 얼마 크게 만족 감사,2019.04.10 12:12
청바지,큰 느낌 일자 핏,2019.01.10 12:49
청바지,사이즈 무난 좋아요 개 이유 첫날 꼬챙이 실 조심,2018.08.15 11:36
청바지,허벅지 기장 그냥 전체 작은,2018.01.16 16:37
청바지,비지떡 세일 많이 바지 품질 세일 가도 비싼,2019.04.03 00:02
청바지,소재 디자인 좋아요 사이즈 작게 많이,2019.04.02 06:58
청바지,옷 핏 디자인 재질,2019.04.04 21:09
청바지,사이즈표 주문 걱정 작아 많이 치수 이상 크게 주문,2019.03.30 00:26
청바지,가격대 비 별로 평 좋아 속 느낌,2019.03.07 00:44
청바지,그냥 저냥 임시 괜찮은 임시,2019.03.01 02:08
청바지,기대 그냥 가격 벨트,2019.02.27 12:16
청바지,벨트 사이즈 조절 구멍 개 폭 구매,2019.02.19 23:22
청바지,사이즈 벨트 재질 뻣뻣,2019.02.09 16:39
청바지,큰 기대 가죽,2019.02.02 13:08
청바지,바지 이쁜 처음 사이즈 커서 교환 택배 주 주정 우체국 택배 편의점,2018.09.10 11:07
청바지,싼맛 질 주름 밑위 반바지 밑 끝 가로 핏,2018.08.31 17:13
청바지,가격 구매 핏 괜찮 색감,2018.08.15 21:32
청바지,싼마이 상품 제품 특성 재질 좋고 사이즈 색감 완전 강추 구매 사이즈 정사이즈 구입 완전 만족,2018.07.26 15:31
청바지,통 통 길이 마찬가지 다리 부담,2018.07.20 17:09
청바지,생각 재질 별로 오 사은품 선글라스 별로 장난감 선글라스,2018.07.07 20:08
청바지,바지 원 플러스 원 바지 큰 키 작은 탓 암 예쁜 후회 다른,2018.06.28 15:45
청바지,택배 조시 옥 상가 후기 작성,2018.06.18 21:40
청바지,반품 상표 배송 비도 시간 집,2018.06.01 21:27
청바지,자동 배바지,2018.05.23 22:14
청바지,랭킹 원 원 구매 블랙 장 브라운 한장 구 매 다른 후기 구김 브라운 심하게,2018.05.21 15:34
청바지,이유 바지 별로 딱 옆 느낌,2018.05.09 16:56
청바지,기본 티에 관 운동 소재 추천,2017.06.27 11:17
청바지,소재 수영복 마 실용 허벅지 생각 감안,2017.05.16 01:13
청바지,사실 회 그냥 돈 얇아 그냥 청 테이프 수준 돈 메스,2018.05.24 18:39
청바지,처음 핏 괜찮 색감 마음 구매 확정 세탁 종아리 통 늘어나 핏 다른 바지,2017.06.11 10:51
청바지,다리 두꺼운 통 많이 기장,2016.10.21 23:15
청바지,사이즈 안보 핏 그냥 저냥 무릎 많이 통 매우 넓어 뚱뚱,2016.07.04 02:27
청바지,허리 싼값 별로 반품 크게 실망 핏,2016.04.24 00:55
청바지,질 그냥 보세 청바지 사이즈 추천,2019.03.10 22:07
청바지,옷 자체 감색 디스 좋아요 사이즈 크게,2018.11.07 20:15
청바지,다리 많이 핏,2019.04.04 15:17
청바지,키 작아 그냥 길 재질 자체 스판 빳빳 핏,2019.03.16 19:00
청바지,근 검은 색 청색 기자 통 다른 느낌 이내 검정 별로,2019.03.15 19:27
청바지,생각 평소 사이즈 작게 주문,2019.03.03 20:48
청바지,생각 통 통,2019.02.25 04:11
청바지,가격대 저렴 이염 세탁 스키니,2019.02.16 12:37
청바지,생각 많이 길 기도 길 통 사이즈,2019.02.13 10:59
청바지,완전 큼 생각 데님 핏 생각 형,2019.02.09 12:49
청바지,사이즈 생각 색 검은 색 남새,2019.02.08 16:38
청바지,재질 안좋아 사진 절대,2019.02.07 22:35
청바지,옷 판매 환불 앞 이에스엔,2019.01.31 13:41
청바지,핏,2018.12.15 20:32
청바지,주먹 개 상체 허리 교환 수선 핏 자체 라인 이쁜 재질 자체 생각 빳빳 기대,2018.12.15 18:41
청바지,색감 기대 이하 아쉽 이쁜,2018.12.07 16:28
청바지,바지 색감 괜찮은 느낌,2018.12.01 14:50
청바지,사이즈 친구 이불,2018.10.28 10:01
청바지,색감 별로 사진 냄새 심하게,2018.09.19 00:19
청바지,물티슈 물이 물빠짐 핏 괜찮 와이드 이뻐,2018.03.16 12:24
청바지,바지 시 큼 냄새 바지 많이 냄새 처음 별로 바지 재질 별로,2017.11.09 02:24
청바지,하루만 무릎 심하게 의자 하루만 무릎,2017.03.07 21:32
청바지,옷 이뻐 다음날 레이어드 흰 티 안쪽 파란색 발견 물감,2017.03.04 10:08
청바지,교환 배송 배송 비만,2017.03.01 01:21
청바지,원래 바지 작게 조끼 니지 비지떡,2019.02.09 22:00
청바지,실측 사이즈 구매 크게 매우 실망 배송 잘못 의심 바지 매우 커서 아저씨 바지 자체 퀄리티 보통 급,2015.12.08 23:02
청바지,아저씨 다른 바지,2015.10.25 16:26
청바지,생각 색상 실망,2019.03.06 00:58
청바지,별로 좋은 디자인 사진,2019.02.10 11:19
청바지,핏 질감 기장 완벽 물빠짐 하루 물 팬티 엉덩이,2016.12.15 23:19
청바지,다리 얇은 다리 허리 다리 통 모델 제작 맞춤 바지 인가 개인적 의견 비추,2019.03.10 00:18
청바지,색감 좋아 화면 하루만 무릎 발사 장난 비추,2019.02.14 14:25
청바지,사진 밑단 테 이퍼 드가 와이드 수준 참고 배송 개 별로 한진 택배 이용,2019.01.17 20:08
청바지,업 추천 추천 타이트 불편한 바지,2019.02.26 21:22
청바지,청바지 인치 벨트 작음 순간 사이즈 배송 그냥 동생,2019.02.23 02:32
청바지,구매 허벅지 디스 팬티 가보,2018.09.28 01:38
청바지,예쁘 옷 재질 별로 아쉽,2018.09.20 11:44
청바지,주머니 위쪽 주머니 구멍 밖,2017.06.15 11:51
청바지,통 이너 무크 밑위 핏 구림 사이즈 작게,2016.09.07 03:27
청바지,사이즈 허리 기장 기장대로 밑 데미지 곳도 심지 그냥 가격 가격 하임 싼맛 그냥 치킨 준거 색,2016.07.20 21:29
청바지,구입 만족 클리어런스 할인 만족 톤 예쁘 부담,2019.05.16 10:12
청바지,여자 친구 여친 봄 좋은 색 굿 굿,2018.03.07 13:29
청바지,구입 예상외 힙 작은,2018.02.01 23:23
청바지,화면 색 눈 겨울 여름 많이 색,2018.01.29 03:51
청바지,색상 밝아 고민 사기 여름 시원 만족,2018.01.23 21:25
청바지,세일 스완진 옷 맘 맘 에드 스판,2018.02.01 23:25
청바지,헐렁 사이즈 잘못 선택 낙낙 괜찮아 색상 화면 고무줄,2018.01.23 06:30
청바지,큰 기대 저렴 구매 완전 가격 품질 면 생각 많이,2018.01.18 02:46
청바지,재질 별로 그냥 원 싼맛 구매,2017.12.28 15:36
청바지,나름 스타일 처음 생각 스판 끼 마,2018.07.11 10:20
청바지,핏 맘 좋아요,2018.02.17 10:30
청바지,기모 활동 큰 불편 좋은 가격 괜찮은 제품 마 라가,2018.02.01 17:33
청바지,두껍 나름 따뜻 기본 진 이곳저곳 매치 핏 이뻐 많이,2018.01.18 02:59
청바지,보들보들 느낌 좋고 겨울 좋아,2018.01.16 17:40
청바지,따뜻해 단추 이너 뻑뻑,2018.01.11 14:20
청바지,좋아요 아주 좋아요 바지 가격 재질 살수 매우 추천 품절,2017.12.24 14:21
청바지,두께 괜찮 촉감 안쪽 몬주 바깥쪽 당황 핏 예뻐서,2017.12.26 13:12
청바지,딸아 스몰 구매 힙 허리 인용 이내,2019.05.13 15:08
청바지,사이즈 딱 색감 맘 나중 재구매,2018.04.19 23:19
청바지,엄마 모 가성비 완전 이쁜 기분,2018.04.15 00:55
청바지,원 바지 색깔 사이즈 딱 존,2018.01.24 17:42
청바지,핏 기모 바지 예쁜,2017.11.30 20:33
청바지,바지 할인 고민 다신 고민 싼가격 유가 나름 스완진 기대 스완진 구매 생각 조차,2018.02.10 21:22
청바지,엄마 선물 사이즈,2018.01.17 01:34
청바지,질도 좋고 가격 좋고 만족 좋아요 다른 마음,2017.12.24 14:20
청바지,상품 좋고 배송 할인 가격,2017.12.16 20:35
청바지,예쁘 좋아 친구 괜찮은 바지,2019.05.14 11:10
청바지,가격 퀄리티 핏 반바지 불가능 만족 맘 에드 길,2019.05.14 11:05
청바지,가성비 두께 사이즈 핏 맘 반바지,2019.05.14 09:50
청바지,저렴 좋은 퀄리티 만족,2019.05.13 14:28
청바지,핏 통 길 밑위 좋아 간만 세탁소 반바지,2019.05.09 22:30
청바지,싼가격 개 핏 여름 티셔츠 사이즈,2019.05.07 20:15
청바지,그냥 저냥 가격 흠,2019.04.16 12:13
청바지,길이 딱 길 폼 좋아요,2019.04.10 14:23
청바지,구매 딱 딱 가성비 갑,2019.04.02 15:03
청바지,세일 핏 괜찮 편하게,2019.03.26 22:55
청바지,키,2019.03.16 12:25
청바지,좋은 옷 좋은 가격 에 산 여름 많이,2019.03.11 19:53
청바지,허리 딱 통 널널 예쁜 마음,2019.02.11 12:30
청바지,하체비만 엉덩이 얘기,2019.02.09 00:45
청바지,저렴 가격 빠른 배송 감사,2019.01.20 21:17
청바지,여름 여름 구입 기분 좋아요,2019.01.17 15:23
청바지,좋은 제품 좋은 가격 구입,2019.01.12 08:36
청바지,기장 타이트 청 반바지 라이언스 세일 색상 구매 허리 여자 허리 낙낙,2019.01.04 20:06
청바지,바지 실 티 별로,2019.01.04 15:20
청바지,핏 좋고 주구 장창 요즘 더워 바지,2018.08.08 01:39
청바지,색 교환 부탁 빠른 처리 해주시 감사 길이 맘 좋은 앞 단추 뚝 그냥 단추 달,2018.08.03 19:43
청바지,연청 사이즈 작은 진청 재구매 딱 가격 가격대 비,2018.07.10 22:36
청바지,작아 괜찮은 사이즈,2019.03.13 01:50
청바지,색 편하게 자주,2019.01.10 23:23
청바지,바지 가성비 사이즈 많이 작아 마른 친구 바지 좋아요,2019.01.08 12:45
청바지,스판 라인,2019.01.07 09:10
청바지,사이즈 딱 색감 마음 신축 성도 편안 만족,2019.01.04 11:42
청바지,색감 좋고 재질 좋은 가격 이득,2019.01.03 10:40
청바지,스키니핏 자체 그냥 스키니,2018.12.28 22:42
청바지,사이즈 비슷한,2018.12.23 02:09
청바지,딱 핏 행복 핏 적당 핏 옷 만족 요즘 최고 최고,2018.12.10 12:55
청바지,데님팬츠 두벌 가격 퀄리티 면 안사면 손 사장 가격 나이스,2018.12.10 05:15
청바지,구매 허 리좀 크게 허리띠,2018.12.02 02:34
청바지,가격대 비 질 괜찮은 색상 맘 에드 기준 허리 무난,2018.11.07 20:06
청바지,싼가격 무난,2018.10.31 01:14
청바지,그냥 무난 말이 딱 본사 처리 능력 업무 태도 기분 학,2018.10.17 15:23
청바지,바지 사이즈 친구 마음 다행 사이즈표,2018.10.16 11:54
청바지,무서워 흰 옷 이염,2018.10.13 11:05
청바지,구입 기장 무난 만해,2018.10.12 03:25
청바지,배송 차 질 옷 겨울 기기,2018.10.11 17:02
청바지,그냥 무난 데님 컷 컬러,2018.09.22 19:45
청바지,딱 가격 이상이 신분 추천,2018.09.19 00:31
청바지,가성비 좋은 청바지 깔끔 디자인 착용감 좋아요,2018.09.04 23:01
청바지,좋아 이유 무릎 손톱 손톱 비,2018.08.29 18:21
청바지,바지 핏 딱 그냥 정 사이즈 슬림핏 스판 색 두께 길 마음 가격 좋아요,2018.08.21 19:15
청바지,색 청바지 무신사 주문 사이즈 딱 색 이뻐,2018.07.27 21:57
청바지,롤업 무난 딱 기본템 신발 무난 무난,2018.07.15 13:05
청바지,매우 좋아요 옷 재질 가격 마음 에드 추천 추천 추천 대박 아이템,2017.12.24 14:22
청바지,옷 핏 색 발목 좁아 발 빼기 발 작은 발,2017.12.26 13:14
청바지,모니터 색 색,2019.05.04 20:54
청바지,생각 색깔 진 아쉬움,2018.10.22 23:20
청바지,착용감 굿 좋아요,2018.10.10 10:44
청바지,정 세일 이뻐 많이,2018.10.05 14:18
청바지,그냥 실물 사진 예쁘 진,2018.09.27 00:33
청바지,허리 사이즈 많이 블랙 블랙,2018.09.25 18:34
청바지,슬림 핏 절대 옷 재질 색감 마음 생각 밝은 색 다른 옷,2018.08.29 05:45
청바지,제품 재질 튼튼 좋고 유니크 디자인 마음 만족 여름 동안 활용 강추,2018.08.13 00:27
청바지,바지 짧은 사람 비추 생각 길이 라인 포인트 여기저기 코디 무난함 접지 밑단 거친 마감,2018.08.10 00:32
청바지,블랙 생각 색 키링 하하,2018.08.07 21:28
청바지,언아웃핏 셔츠,2018.07.29 15:11
청바지,바지 옆 선 색 포인트,2018.07.26 03:08
청바지,경우 여름 반바지 예의 번사 인생 그냥 좋은 바지,2018.07.19 17:35
청바지,바지 디자인 이뻐 색상 별로 구입 주문 평소 바지 사이즈 허리 기장 무난 바지,2018.07.17 05:26
청바지,헐렁 허리 커서 사이즈 교환 생각 색 밝은 검은 회색 옷 은 이뻐 실측 전화 교환 수선 집,2018.07.14 10:06
청바지,생각 사이즈 작아 루즈 스타일 교환 그냥 딱,2017.12.20 22:52
청바지,낮 반바지 세일 디자인 반 구매 티셔츠 바지 포인트 색상 화면 밝은,2017.09.25 01:11
청바지,허리 허벅지 사이 작아 불편 디자인 예쁜 사실 이애 사이즈 딱 기장 적당,2018.10.27 15:30
청바지,옷 예쁜 사이즈 바보 남성 예쁘,2018.10.19 06:25
청바지,기장 색감 핏 맘 포인트 덕분 무난 이뻐,2018.10.11 18:43
청바지,반바지 발견 핏 별로 색감 굿 굿 추천,2018.09.25 21:03
청바지,스티치 진심 간지 작살,2018.09.20 21:37
청바지,동네 아줌마 바지 이뻐 모델 좋아,2018.08.13 11:26
청바지,허벅지 편안 잔반 디자인 가격 만족,2018.07.30 11:54
청바지,청 느낌 좋아요 청바지 빳빳 마른 느낌 청바지 부드러운 촉감 신축 성도 옷 많이 낙낙 딱 느낌 원래,2018.07.30 07:45
청바지,좋아요 키 키로 사이즈 업,2018.07.23 19:10
청바지,평소 바지 사이즈 사이즈 허리 큰 딱 기장 적당 색상 이뻐,2018.07.17 05:22
청바지,핏 좋고 깔끔 여름 대비,2018.01.15 01:20
청바지,세일 디자인 좋아 디자인 좋고,2017.12.07 20:21
청바지,낮 반바지 세일 디자인 반 구매 티셔츠 바지 포인트,2017.09.25 01:13
청바지,반바지 옆 라인 옷 스타 일이 옷 매치,2017.08.17 12:04
청바지,근육 발달 허벅지 불편 딱 경우 오랜만 만족,2017.07.18 18:51
청바지,언아웃핏 만족 사이즈 반바지 허리 면 허벅지 면 길 차이 타이트,2017.06.10 20:29
청바지,사이즈 구매 변경 부탁 다행,2017.06.11 14:50
청바지,언아웃핏 바지 처음,2017.06.01 12:04
청바지,사이즈 후기 사이즈 사이즈 크게 주문,2019.04.05 14:03
청바지,생각 무난 무난,2018.09.28 13:47
청바지,키 허리 청바지 걱정 배꼽 바로 아래 길이 허리 핏 예쁘 디자인,2018.07.21 19:53
청바지,사진 좋아요,2019.05.03 14:21
청바지,희석 종아리 문제 뿐,2018.10.26 23:33
청바지,올블랙 생지 예쁘 길 수선,2019.04.22 00:10
청바지,색감 사진 기장 많이 짧아,2019.04.14 11:40
청바지,스판 흑청 일자,2019.03.02 13:03
청바지,타이트,2019.02.01 20:13
청바지,색 처음 느낌 불편 이제 별로,2018.12.27 14:23
청바지,몸무게 키 평소 사이즈 사이즈 딱 스판 기가 좋아 무릎 단점 색상 핏 디자인 맘 에드,2017.12.18 00:32
청바지,하비 까 바 주 문 딱,2017.11.24 11:57
청바지,길이 조금 길 면 지금 만족,2018.05.02 22:51
청바지,처음 결과 만족 옷 힘 바지,2017.06.10 02:18
청바지,얇은 핏 좋고 컬러 좋아요 봄,2019.02.17 00:40
청바지,바지 사이즈 원래 요즘 허리 큰 다리 딱 색감 사진,2019.02.16 12:55
청바지,옷 타이트 사이즈 타이트,2019.02.01 20:12
청바지,성공 앞 애용 작은 키 작은 체격,2019.01.30 21:27
청바지,색감 생각 화면 허리 딱 신축 좋아 길이 짧은편,2019.01.10 14:33
청바지,신축 성도 좋고 사이즈 좋아요 색 베어 흰 티 조심,2018.12.31 01:45
청바지,겨울 스판 기가 봄 가을 딱,2018.12.12 16:05
청바지,밀리언코르 청바지 이전 착용 이뻐 제품 시도 만족 스판 기가 별로 불편한 다리,2018.09.25 01:17
청바지,사이즈 생각 냄새 많이,2019.05.15 20:49
청바지,기장 좋고 신축 성도 좋고 가격 저렴,2019.04.18 23:34
청바지,스키니진 짱 기장 맘,2019.04.18 23:31
청바지,발목 크기 예뻐서 감수,2019.04.03 12:18
청바지,쫀쫀 맘 허리 커서 그냥 불편 늘어나 추천,2019.01.28 09:40
청바지,실물 완전 색 맘 배송,2019.04.07 22:15
청바지,다리 레깅스,2018.11.28 01:23
청바지,사이즈 적당 배송 빨라 좋아요,2019.05.15 20:50
청바지,예쁜 바지 사진 좋아요,2019.04.18 23:55
청바지,브랜드 검정 바지 사이즈 딱 바지 작아 많이 사이즈 체크 잘못 징,2019.04.14 15:03
청바지,허리 발목 사이즈 타 잇 구멍 걱정,2019.04.01 20:50
청바지,년 월 좋아 벌 구매 후기 봄여름 가을 최적 겨울 내복 내복 마찰 바지,2017.02.06 14:31
청바지,색감 이쁜 하늘색 좋아요 청바지 추천 추천,2018.10.02 16:48
청바지,그냥 색감 예쁘 무난 여기저기,2018.09.27 22:50
청바지,연청 반바지 필요 무난 무난 이쁜 바지,2018.08.21 23:15
청바지,색깔 선물 마음 편안 좋고 감사 여름 하늘하늘,2018.08.09 12:56
청바지,원래 교환 흑청 중청 느낌 회색,2018.08.01 19:33
청바지,데님 반바지 데님 반 바지라 별로 만족,2018.07.13 13:04
청바지,셔츠 세트 굿,2018.07.13 00:21
청바지,흑청 색깔 생각 청 느낌 남자 딱,2018.06.25 01:47
청바지,연청 흑청 주문 사이즈 흰 옷 매치,2018.06.15 18:08
청바지,사이즈 여름 딱 좋은,2018.06.11 11:36
청바지,얇아 쿠 링 검 청보 연청,2018.05.24 20:46
청바지,색감 핏 애용 수고,2018.05.18 16:46
청바지,색감 재질 좋아요 여름 딱,2018.05.09 09:39
청바지,파란색 시원 좋은 챠콜 색 생각 색깔 통 큰 느낌 사이즈 가격대 좋아 오,2018.04.28 20:45
청바지,하늘색 색상 회색 수영장 회색 바지 통 여름 크게,2018.04.19 20:22
청바지,생각 기장 정 슬림 일자 핏 스판,2019.04.18 19:22
청바지,저렴 가격 질 좋고 배송 만족,2019.05.10 18:25
청바지,색,2019.04.26 12:51
청바지,얇아 그냥 값어치,2019.04.23 01:31
청바지,사이즈 색깔 재질,2019.03.06 23:19
청바지,브랜드 진 반신반의 구매 핏 예쁘 신축 매우 좋아 완전 강추,2019.02.21 18:06
청바지,검정 품절 네이비 네이비 스타일 딱 느낌 신축 생각 아쉽 핏 예쁘 좋아요,2019.02.09 19:37
청바지,평소 사이즈 주문 딱 스판 부족 딱 검정 스키니,2019.02.09 01:47
청바지,네이비 애매 색 핏 예쁘 신축 좋아 다리,2017.03.04 17:29
청바지,키 바지 길이 바지 길 좋아요,2017.02.22 14:33
청바지,키 다른 온라인 쇼핑몰 기장 맘 복숭아뼈 시작 키 완전 추천 바지,2017.02.08 17:39
청바지,사이즈 배송 그냥 기본,2016.11.27 11:16
청바지,사이즈 좋고 핏 소 키 수선,2016.11.02 11:05
청바지,이주 사이 개 아쉬운 블랙 구매 다크블루,2016.10.28 14:23
청바지,배송 사이즈 딱 좋아요 마음,2019.01.16 09:59
청바지,바지 자체 튼튼 좋고 색감 핏 디스,2018.08.28 13:50
청바지,스완진 바지 처음 구매 바지 신축 성은 불편 실물 옷 박음질 마감,2018.08.21 23:54
청바지,모델핏 색상 화면,2018.03.23 10:30
청바지,재질 스판 로라 불편 스크래치 좋은 스판,2018.02.17 17:08
청바지,핏 면,2018.02.02 08:43
청바지,보이 핏 바지 처음 배기 걱정 스웨 귀엽,2018.01.18 02:50
청바지,생각 짧아 양말,2018.01.11 09:13
청바지,원래 바지 큰 핏 괜찮 환불 그냥,2018.01.08 21:25
청바지,커서 별로 이뻐 사이즈 작은 생각,2017.12.22 20:44
청바지,맘 스판 불편 잔 이뻐,2017.12.03 10:08
청바지,핏 좋고 색감 좋고 저렴 가격 구매 다른 제품 많이,2017.11.27 13:53
청바지,색 사이즈 바지 몸,2019.02.14 02:01
청바지,온라인 딱 바지 길이 딱,2018.10.12 16:14
청바지,색감 스판 끼 지퍼 포인트 이쁜 세일,2018.10.03 10:15
청바지,색상 화면 이뻐,2018.09.12 21:22
청바지,핏 괜찮 색깔 무난 가격,2018.09.08 20:11
청바지,좋은 길이 짧아 스판 끼 탄탄 지퍼 포인트 괜찮 전체 가격대 비 굳,2018.07.04 20:49
청바지,자크 좋아요 발 색 딱 모델 샷 스완진,2018.02.17 17:07
청바지,다른 바지 스판 끼 앞으로 브랜드 애용,2018.01.23 21:23
청바지,기장 딱 굿 스판 많이,2018.01.20 02:00
청바지,스완진 구매 디자인 옷 싼티 스완진 단골 많이,2018.01.18 02:55
청바지,키 딱 정강 길 발 발목 딱 스키니 늘어나,2017.12.30 11:40
청바지,이용 저렴 가격 애 핏 두벌,2017.11.30 22:05
청바지,스완진 청바지 세일,2019.04.23 16:16
청바지,옷 생각 스판 끼 옷 만족 색 이뻐,2019.03.01 22:20
청바지,마감 물빠짐 키 기장 발목 롤업 일자 핏,2018.11.15 02:13
청바지,핏 예쁘 저렴 가격 물빠짐 걱정 없어,2018.11.06 14:28
청바지,딱 하체 이상 핏 가지 단점 기재 수치 밑 길이 작은 브랜드 제품 작은 사이즈 힙 밑 길이,2018.10.31 01:42
청바지,가격 저렴,2018.10.04 20:19
청바지,바지 후기 딱 물빠짐 안심 핏 최고,2018.08.05 15:27
청바지,바지 생각 면 여름 좋은 따뜻 봄 길이 애매,2018.01.04 12:25
청바지,상체 하체 청바지 사이즈 애매 사이즈 딱,2019.04.06 08:50
청바지,색 핏 좋고 사이즈 허리띠 개 바지 이뻐,2018.10.04 02:12
청바지,사이즈 작아 마른 체격 바지 브랜드 애용,2019.01.30 21:31
청바지,기장 생각 작아,2019.05.09 11:06
청바지,바지 디자인 세일 기간 구매 평소 사이즈 힙 허벅지 바닥 딱 불편한 아랫단 핏,2019.04.30 20:47
청바지,스타일 골 반 겨,2019.04.21 00:57
청바지,좋은 데님 허벅지 애매 예쁜 일자 데님,2019.04.17 14:08
청바지,스판 스타일 청바지 수록 개 구입 가격,2019.04.17 08:37
청바지,좋은 데님 소재 좋아 봄 여름,2019.04.07 18:43
청바지,보이프렌드 핏 느낌 일자 핏 생각 별로,2019.04.05 21:37
청바지,허벅지 불편 다이어트 길 괜찮 다이어트 성공 매일 매일 정,2019.04.03 12:16
청바지,여자 엉덩이 많이 통 핏 엄 청 예뻐서 만족,2019.03.30 21:45
청바지,이쁜 밑위 길이 짧아 여자 허리,2019.03.08 12:32
청바지,허벅지 괜찮아 질,2019.02.27 14:29
청바지,무난 기장 좋고,2019.02.12 04:05
청바지,이고 라지 사이즈 구매 전체 사이즈 하체 두꺼운 딱 정말 딱,2019.01.29 02:59
청바지,실측 사이즈 완전 작게 돈,2019.01.23 03:40
청바지,가격 배송 굿 굿,2019.01.16 23:41
청바지,물빠짐 생각 양말 이너 단독 세탁,2019.01.14 16:26
청바지,스판 굽 힐 불편,2019.01.07 19:33
청바지,스판 끼 사이즈 비교,2019.01.04 18:54
청바지,수선 자국 조금 이뻐 그냥,2018.12.29 19:43
청바지,밑위 색 이뻐,2018.12.01 21:10
청바지,좋아 슬림 핏 좋은 물빠짐 스판,2018.11.28 12:44
청바지,가격 저렴 구매 실천,2018.11.24 13:14
청바지,사이즈 주문,2018.11.22 15:37
청바지,비지 진 많이 오랫동안 디자인 색상 가격대 비 질 좋고 물 밑위 짧아 많이 여성 기준 성분 감안,2018.11.22 15:18
청바지,생지 물빠짐 테스트 물빠짐 핏 슬림 딱 스판 기가 좋은,2018.11.16 22:02
청바지,생각 사이즈 작은 구매 환불 주변 지인 선물 생각 재질,2017.03.02 20:51
청바지,슬림핏 끝 딱 핏 좋아요 금 불편 불편 만해 좋아요,2017.02.07 23:10
청바지,통 생각 색감 맘,2019.02.12 15:33
청바지,다리 짧은 편 기장 좋아요 사이즈 검은 바지 비교 스판 끼 바지 잠 언니 바지,2017.03.31 22:55
청바지,사진 밝은 개인적 사진 마음,2019.05.07 13:07
청바지,세일 허벅지 여유 엉덩이 여유 맘,2019.04.04 22:45
청바지,겨,2019.03.31 11:50
청바지,허리 생각 널널 핏 예쁘 키 작아 기장 정,2019.02.23 04:57
청바지,바지 괜찮 내 재질 괜찮 가성비 좋은,2019.02.20 23:46
청바지,지퍼 단추 허리 가격,2018.12.09 16:55
청바지,기도,2019.05.01 20:40
청바지,스판 쫀쫀 느낌 대신 느낌 핏 처음 브랜드 마음,2019.04.28 18:54
청바지,배송 빨라 딱 실물 별로 맘 에드,2019.04.22 00:36
청바지,사이즈 딱 이뻐,2019.03.24 01:24
청바지,핏 디자인 면 괜찮은 브랜드 앞 구매,2018.12.02 01:22
청바지,평소 바지 허리 커서 문제 바지 허리 골 반 딱 만족 재질 생각 두껍 좋은,2019.02.16 03:29
청바지,배송 주말 포함 제품 완 이뻐,2018.11.28 19:08
청바지,질 가격대 비 좋은 사진 벤 상태 배송 마감처리,2019.03.27 21:01
청바지,가격 완전 요즘 매일 니트 짱 사이즈 허리 인치 허리 바지 널널 핏 대박,2019.03.08 21:37
청바지,데미지 맘,2019.02.16 20:44
청바지,생각 이뻐 길이 적당 굳 굳 최고,2019.04.24 23:20
청바지,바지 길이 딱,2019.04.02 00:55
청바지,핏 포인트,2019.03.26 14:27
청바지,가성비 갑 다른 바지 가격대 면 생각,2019.03.11 12:28
청바지,마음 옷 그중 탑 에드 감사,2019.03.10 21:44
청바지,혹 밑위 길이 생각 걱정 걱정 제품 도착 마음 색감 허벅지 포인트 포켓 생각 이뻐,2019.03.08 17:35
청바지,디자인 마음 배송 택배 기사 아저씨 배송 오지 조회 배달 완료 전화 상품 마음,2019.02.21 21:32
청바지,원 개 이득 데님 포인트 간지 포켓 간지 청청 중청 자켓 코디 코디 복고 소화 다른 코디 무난,2019.02.18 19:24
청바지,실측 사이즈 주문 사이즈 다른 바지 타이트 신축 불편,2019.02.10 14:44
청바지,슬림핏 타이트 핏,2019.01.23 01:55
청바지,반신 반 구매 생각 여유 늘어나,2019.03.21 21:46
청바지,이뻐 길이 딱 색 화면 딱 엉덩이 라인 허벅지 위쪽 공간 좋아요,2019.03.03 12:35
청바지,딱 생각 바지 맘 좋아요,2019.03.02 20:49
청바지,생각 여주 얇아 사이즈 작게,2019.02.19 17:07
청바지,핏 색 사고,2019.02.16 00:15
청바지,구매 바지 품절 디자인 허리 라인 예뻐 스타일 키 길 복사,2019.01.31 12:31
청바지,디자인 화면 배송 이틀 생각 통 큰 일자 바지 느낌,2018.12.08 19:40
청바지,사진 컬러 핏 좋아요 세일 완전,2019.04.06 08:46
청바지,바지 핏 가성비 최고,2019.04.30 15:55
청바지,핏 짧아,2019.04.27 08:07
청바지,클리어런스 세일 구매 기본 청바지 핏 생각 루즈 일반 일자 핏,2019.03.15 21:23
청바지,색깔 핏 기장 완벽 싼가격,2019.03.12 21:03
청바지,사이즈 미스 생각 루즈 핏 오 색 재질 좋아,2019.03.04 00:43
청바지,바지 레귤러 핏 예상 와이드 핏,2019.02.20 15:34
청바지,가격 저렴 색 핏 이뻐 감사,2019.02.13 09:21
청바지,복사뼈 길이 따 흑 세일 구입 색 맘 만족,2019.02.09 22:43
청바지,재구매 의사 핏 좋고 뼈,2019.02.07 20:22
청바지,옷 핏 좋고 구매 만족,2019.02.06 17:14
청바지,낙낙 모델 핏 오,2019.01.02 14:47
청바지,티 비서 수분 생각,2019.01.01 14:55
청바지,두께 두껍 튼튼 세일,2018.12.23 18:02
청바지,기장감 길 다리 가볍 편하게,2019.04.02 14:31
청바지,선물 가격 대비 재질 핏 친구 감사,2019.04.21 14:17
청바지,색 마음 핏 허리,2019.04.18 22:36
청바지,색깔 딱 연청 딱 흰 연청 핏 스키니 발목 딱,2019.02.09 02:01
청바지,개 실사 스판 좋아요,2019.05.01 20:39
청바지,미듐 평소 엉덩이 허벅지 사이즈 라지 딱 착용감 핏 좋아요 교환,2019.04.12 23:12
청바지,색상 밝아 지금 봄,2019.01.16 01:44
청바지,두께 적당 바지 이뻐 할인 만족,2019.04.27 16:52
청바지,색 중청 핏 스판,2019.04.26 17:26
청바지,반 사이즈 작게 크게 주문,2018.12.30 21:28
청바지,주문 신축 핏,2018.12.09 15:01
청바지,배송 타이트 생각 바지 뱃살 교환,2019.02.26 15:24
청바지,튼튼 사이즈 적당 좋아요,2019.05.15 10:08
청바지,가방 진짜 이뻐 옷,2019.05.13 18:56
청바지,이뻐 코디 심플 크기,2019.05.13 09:32
청바지,별로 그냥 네이비 모,2019.05.13 01:56
청바지,크기 생각 껀,2019.05.04 13:10
청바지,선물 옷 무난 코디 만족,2019.05.05 00:58
청바지,디자인 핑크 색 포인트,2019.05.05 00:56
청바지,기대 큼 티 가방 사고 사은품 처음 사은품 빠 배송 사은품 가방 구매 가방,2019.05.04 23:36
청바지,아메카지 룩 오케이 따 좋아요,2019.05.01 09:28
청바지,좋고 딱 재질 맘 생각 커서 물건 많이,2019.05.06 23:59
청바지,무난 여기저기 크기,2019.03.20 22:40
청바지,무난 크기 적당 많이,2019.03.06 16:36
청바지,가방 커서 작은 주머니 맘 에드,2019.03.04 22:42
청바지,에코백 사진 보부상,2019.03.02 13:29
청바지,박스 로고 일반 로고 여행 당장 반품 검 품,2019.02.15 21:17
청바지,크기 에코백 크기 가방 작은 주머니 에코백 이브,2019.02.14 16:40
청바지,가방 어깨 짧은 구매 적당 다른 색상 구매 생각,2019.02.13 20:56
청바지,개인적 무신사 애용 일본 브랜드 덕 일본 브랜드 에코백 굳 설명 필요 질 좋고,2019.02.09 04:05
청바지,무난 좋은 가방 크기,2019.01.31 21:27
청바지,배송 가방,2019.01.12 13:18
청바지,저렴 가격 에코백 로고,2019.01.07 20:35
청바지,딱 존예 자체 크기 길이 로고 세일 다른 로고 이쁜 만족,2018.12.09 16:23
청바지,친구 선물 맘 튼튼 노트북,2018.11.25 02:24
청바지,디자인 브랜드 질 배송 맘 마니,2018.11.22 11:44
청바지,생각 작은 깔끔,2019.05.15 18:30
청바지,에코백 심플 포인트 재질 괜찮 추천,2019.05.16 00:36
청바지,모 버여 에코백,2019.05.13 21:39
청바지,로고 마음 가격 저렴,2019.05.11 17:24
청바지,데일리 딱 가방 사람 많이 융,2019.05.12 11:50
청바지,크기 딱 적당 이뻐 편하게 맘,2019.05.10 01:43
청바지,공책 딱 좋은 사이즈 색 하얀 색 부담,2019.05.07 18:30
청바지,색 공간 넓어 좋아 핑크 신,2019.05.05 22:15
청바지,데일리 가방 좋아요 수납공간 넉넉,2019.05.05 21:44
청바지,에코백 필수 필요 브랜드 처음 구매 로고 큰 이뻐 아빠 브랜드,2019.05.04 18:34
청바지,친구 생일 선물 화면,2019.05.04 10:29
청바지,적당 아이보리 무난 사용 가방 튼튼,2019.05.04 21:13
청바지,프린트 빈티지 갬성 포인트,2019.05.01 18:12
청바지,청바지 많이 흐물,2019.05.01 12:30
청바지,에코백 튼튼 계절 여름,2019.04.29 16:36
청바지,에코백 배신,2019.04.29 09:03
청바지,네이비 푸른 끼 돌 마음 그냥,2019.05.01 09:29
청바지,상품 마음 배송,2019.05.01 22:56
청바지,무난 에코백 필요 구매 튼튼,2019.05.01 23:34
청바지,개 주문 개 주문 이뻐 선물,2019.04.28 15:01
청바지,생각 사이즈 수납공간,2019.04.28 13:32
청바지,데일리 딱 좋은 옷 매치,2019.04.26 22:36
청바지,예쁜 가방 크게,2019.04.26 11:25
청바지,빅 로고 에코백 네이비 많이 짱짱 빳빳,2019.04.25 12:28
청바지,크기 딱 디자인 딱 노트북 깊이 캐쥬얼 옷 좋아요,2019.04.22 10:33
청바지,핑크 색 적절 귀엽 마음,2019.04.21 21:29
청바지,화사 아이보리 캔버스 색상 사진 스키니 매치 굿 굿 만족,2019.04.20 14:43
청바지,재질 탄탄 인기 이유,2019.04.20 00:35
청바지,마크 색감,2019.04.18 05:11
청바지,생각 커서 수납,2019.04.17 20:09
청바지,친구 생일 선물 가방 이뻐,2019.04.17 15:45
청바지,일본 무신사 구매 이뻐,2019.04.16 22:04
청바지,튼튼 이뻐 사고 데님 예쁜 후회,2019.04.15 09:59
청바지,에코백 유명 하자 사이즈 딱 좋고,2019.04.14 11:50
청바지,완전 이뻐 데일리 완전 딱 여자친구 선물 최고,2019.04.13 23:03
청바지,심플 로고 그냥 에코백 추천,2019.04.12 20:22
청바지,재질 이뻐,2019.04.10 15:07
청바지,에코백 짱,2019.04.07 00:01
청바지,크기 적당 공책 편한 포켓 화장품 카드 좋아요,2019.04.06 14:58
청바지,기본 에코백 활용 데일리룩,2019.04.06 00:33
청바지,옷 세탁 좋은,2019.03.27 10:39
청바지,길이 적당 매치 네이비 로고 젤 이쁜,2019.03.26 01:43
청바지,평소 데일리 무난 에코백,2019.03.23 02:39
청바지,일본 여행 브랜드 실물 무난 가격 좋아요,2019.03.17 11:55
청바지,생각 깔끔 좋아요,2019.03.16 09:33
청바지,깔끔 에코백 필요 딱 좋아요 좋아요,2019.03.15 11:39
청바지,마 실 학생,2019.03.14 19:14
청바지,디자인 자체 깔끔 기본 좋아요,2019.03.11 00:35
청바지,기본 에코백 편안 매치 구매 강추,2019.03.10 20:13
청바지,딱 깔끔 적당 사이즈 이쁜 에코백,2019.03.07 21:57
청바지,깔끔 학교 편하게,2019.03.02 14:51
청바지,에코백 기본 좋아요 로고 귀엽 깔끔 자체,2019.02.28 16:03
청바지,데일리 포켓 폰,2019.02.27 23:37
청바지,생각 심플,2019.02.27 14:25
청바지,포켓 주머니 좋아 데일리 에코백 적합,2019.02.26 23:45
청바지,심플 베스트 제일 에코백 강추,2019.02.26 15:33
청바지,추천 옷,2019.02.25 07:38
청바지,여자친구 선물 재질 탄탄,2019.02.24 10:57
청바지,길이 로고 예쁘 재질 좋아 마음,2019.02.24 10:15
청바지,배송 크기 작은 포켓 유용,2019.02.23 22:54
청바지,에코백 흰색 예뻐서,2019.02.22 20:28
청바지,코디 에코백 매우 추 처 니요,2019.02.23 02:11
청바지,사진 밑 좁아 걱정 실물,2019.02.17 02:10
청바지,박스 로고 에코백 기대 교환 과정 간 예쁘 검,2019.02.15 20:02
청바지,화면 만족,2019.02.13 15:16
청바지,가방 튼튼 속 주머니 좋아요 강추,2019.02.11 23:23
청바지,좋고 디자인 깔끔 부담,2019.02.04 04:29
청바지,이것저것 편한 가방,2019.02.03 01:18
청바지,생각 가격대 안쪽 수납공간 깔끔 옷 에드,2019.01.20 20:21
청바지,크기 딱 좋고 편하게 두껍 지도 포인트,2019.01.18 20:37
청바지,심플 코디 수납공간 넉넉 많이,2019.01.18 17:35
청바지,심플 예쁘,2019.01.13 18:09
청바지,여자친구 선물 딱 여자 메기 남자 작은감,2019.01.11 02:05
청바지,상품 배송 만족 재질 데일리,2018.11.30 17:02
청바지,소재 일자 핏 매우 맘 밀리언코르 바지 개 사이즈 바지 제일,2019.04.17 18:24
청바지,딱 좋아요 색감 두께감 생각,2019.04.27 16:51
청바지,핏 별로 밑단 길이 주문 상품 사이 주문 상품,2019.02.27 00:03
청바지,핏 기장 딱 튼튼 좋아,2019.04.10 19:27
청바지,핏 구매,2019.03.26 16:28
청바지,핏 만족 스키니,2017.08.04 03:06
청바지,버클 색상 만족 허리 사이즈 딱,2019.05.12 09:36
청바지,가죽 튼튼 버클 무광 인치 허리,2019.05.11 15:12
청바지,기존 벨트 길이 옵션 좋아요,2019.05.09 00:51
청바지,벨트 디자인 예쁘 탄탄 질,2019.05.02 23:28
청바지,재질 좋고 브레스 색 앤 틱,2019.05.02 23:17
청바지,가격 디자인 맘 배송 좋아요,2019.04.27 17:19
청바지,제품 물건 고민 진짜,2019.04.26 17:33
청바지,원 원 후반 제품 가죽 가성비 괜찮은 사이즈 딱 구멍 버클 이뻐,2019.04.24 22:53
청바지,페이퍼리즘 구입,2019.04.24 16:24
청바지,주름 글자 글 싼값 그냥,2019.04.24 13:34
청바지,구멍 송곳 마감 버클,2019.04.24 09:54
청바지,색상 마음 좋아요 다른 색,2019.04.20 19:56
청바지,처음 강 한인 상의 버클 걱정 그냥 룩 무난 뒷면 아쉬운,2019.04.14 10:43
청바지,사진 상태 배송 포장 만족 무신사 매거진,2019.04.07 13:40
청바지,좋은 벨트 청바지 슬렉스 기본 기본 충실 기본 벨트,2019.04.04 11:49
청바지,사실 타사 가죽 벨트 구매 가격 생각 엄두 저렴 생각,2019.04.03 07:39
청바지,버클 내구성 가죽 돈 다른 후회,2019.03.25 17:46
청바지,퀄리티 버클 맘 에드 버클 포인트 디자인 만족,2019.03.23 17:26
청바지,벨트 다른 저렴 가격 구입 최고 장점 버클 모양 다른 브랜드 모 양인,2019.03.22 22:08
청바지,디자인 예쁘 냄새,2019.03.21 18:42
청바지,재질 벨트 냄새,2019.03.21 18:41
청바지,벨트 크랙 배송 슬림 팬츠 매칭 이뻐 좋아요,2019.03.21 12:31
청바지,사이즈 교환 비 그냥 흑,2019.03.20 15:57
청바지,무난 벨트 좋아요 버클,2019.03.16 22:23
청바지,좋아요 구매 추천,2019.03.16 12:57
청바지,벨트 불편,2019.03.16 07:31
청바지,깔끔 느낌 좋아요 재질 괜찮은,2019.03.08 19:59
청바지,그냥 무난 급 신분 사기,2019.03.06 18:35
청바지,디자인 합리 가격 득 행복합니다,2019.02.28 17:50
청바지,벨트 버클 거리 느낌 깔끔 좋아요,2019.02.28 17:10
청바지,딱 가죽 벨트 가죽 두께 적당 버클 크기 가성비 오 집 데님팬츠,2019.02.28 17:07
청바지,벨트 크기 적당 튼튼 매우 만족,2019.02.27 11:11
청바지,기본템 추천 두께감 가격,2019.02.25 12:56
청바지,가죽 배 필요 구매 부족 만족,2019.02.17 12:58
청바지,기본 아이템 소 깔끔 많이 튼튼,2019.02.15 15:47
청바지,가격대 개리슨 벨트 워크웨어 착 장,2019.02.10 09:40
청바지,벨트 길이,2019.02.09 15:49
청바지,벨트 필요 괜춘,2019.02.07 23:12
청바지,사이즈 낙낙 가죽 튼튼,2019.02.05 20:52
청바지,두껍 미니멀 깔끔,2019.02.03 13:50
청바지,길이 딱 좋고 재질 튼튼 사용 디자인 심플 마음,2019.01.04 19:09
청바지,무난 블랙 엔 틱 실버 좋아요,2019.01.04 15:24
청바지,심플 데일리 착용,2019.01.03 20:11
청바지,무탠다드 페이퍼리즘 브랜드 품질 좋고 가성비 가격 합격 애용,2019.01.03 18:38
청바지,가격 벨트 생각 길이감 길,2018.12.29 22:57
청바지,디자인 벨트 저렴 가죽 질 크게,2018.12.27 17:24
청바지,완전 만족 벨트 페이퍼리즘,2018.12.22 14:34
청바지,질문 답변 딱 가격 벨트,2018.12.21 22:12
청바지,생각 버클 맘 가죽 나름 튼튼 좋아요 착용 흠,2018.12.17 02:41
청바지,두께 예상 데일리 벨트 사용,2018.12.15 18:46
청바지,가죽 탄탄 길이 딱 가죽 두께 생각,2018.12.14 13:11
청바지,사가 버클 포인트 사이즈 딱,2018.12.08 02:34
청바지,좋은 가격 두툼 튼튼 가죽 팬츠 활용 레더 벨트,2018.12.07 01:28
청바지,벨트 필요,2018.12.04 08:08
청바지,벨트 검정 바지 완전 벨트,2018.12.03 04:23
청바지,청바지,2018.11.30 13:29
청바지,디자인 깔끔 감사,2018.11.30 00:49
청바지,실측 사이즈 다른 동생 싼가격,2018.11.28 14:20
청바지,좋은 가격 좋은 제품 만족,2018.11.27 14:33
청바지,매우 고급 세일 가격 좋은 벨트,2018.11.27 11:16
청바지,색깔 착용감 좋은 벨트,2018.11.26 21:26
청바지,괜찮 재구매 청바지,2018.11.26 14:24
청바지,재질 괜찮 막 쓰기 워크웨어 룩,2018.11.26 13:01
청바지,처음 가죽 냄새 사용 냄새 오래 괜찮 느낌,2018.11.26 12:56
청바지,가죽 퀄리티 좋아 버클 좋아요 청바지,2018.11.25 00:46
청바지,무난 허리 은,2018.11.23 15:07
청바지,기대이상 비싼 좋은 젤 만족,2018.11.23 14:57
청바지,가격대 비 가성비 벨트,2018.11.23 11:35
청바지,사이즈 딱 평소 본인 옷 사이즈,2018.11.23 10:08
청바지,검 색 벨트 특유,2018.11.22 18:49
청바지,사이즈 작은 젤 끝 구멍 큰 벨트 짧게 느낌,2018.11.22 12:32
청바지,슬랙스 추천,2018.11.22 00:19
청바지,바지 길이 여유 큰 사이즈,2018.11.21 02:56
청바지,냄새 버클 유광 예상 만족,2018.11.21 23:38
청바지,원 가죽 퀄,2018.11.26 04:32
청바지,그냥 깔끔 무난 기본 편하게,2018.11.19 19:53
청바지,좋은 상품 가격 저렴,2018.11.18 02:40
청바지,생각 배송,2018.11.17 00:08
청바지,깔끔 무난 허리 이상이 신분 사이즈 은 이하 인분,2018.11.11 13:57
청바지,디자인 깔끔 이뻐 벨트 필요,2018.10.20 11:14
청바지,와이드슬랙스 커서 구매 딱 추천,2018.10.19 17:30
청바지,가죽 좋고 길이 적당 그냥 딱 가격 제품,2018.10.18 20:58
청바지,매치 좋고 심플 좋아요 두께,2018.10.13 00:24
청바지,벨트 신경 검정색 무난 가성비 실수,2018.10.11 22:42
청바지,튼튼 길이 배송 빨라,2018.10.11 18:22
청바지,무난 길이감 좋고 재질 좋은 사용 돈 좋은,2018.10.10 16:19
청바지,무난 색 금색,2018.10.09 15:34
청바지,벨트 버크 크기 색 매우 조화 만족 벨트 가죽 광택 만족 가죽 뒷면 안함,2018.10.06 23:53
청바지,버클 자연 가죽 튼튼 만족 바지 구멍 앞 착용 딱,2018.10.05 22:54
청바지,사이즈 잘못 재질 괜찮 가격대 비,2018.10.04 22:01
청바지,슬랙스 셔츠,2018.09.30 19:15
청바지,사용,2018.09.29 12:55
청바지,사이즈 구매 구멍 개 넉넉,2018.09.18 22:20
청바지,유니클로 벨트 더 예쁘 가성비 굿,2018.09.18 23:46
청바지,기본 아이템 좋은 팔각 버클 기본 사각 셔츠 티,2018.09.14 09:34
