keyword,text,date,category
청바지,ㅎㅎ 밸트개꿀 딱 제 원하는 모양 드디어 찾아서 구매 했네요 ㅠㅠ,2018.09.16 15:17,size
청바지,무난 하게 모든 바지 다 어울리네요 길이 도 적당하고 버클 색상 나왔습니다,2018.09.10 14:03,None
청바지,치노 퍼티 데님 용도 높은 벨트 입니다 유니클로 많이 이용 하는데 재질 유니클로 상이 네 요,2018.09.09 20:49,None
청바지,배송 도 빠르게 와서 만족스럽고 상품 했던것과 비슷해서 좋습니다 조금 딱딱한 감 살짝 있다 보니 부드러우면 좋겠지만 그래도 가성 비 짱 짱 입니다,2018.09.08 12:06,None
청바지,무난 하니 청바지 입 을 거 찾고 있었는데 가격 도 적당하고 맘 드네 요 다만 허리 샀는데 약간 길이 긴 느낌 이에요 잘라야 곘 어 요,2018.08.28 09:24,price
청바지,벨트 필요했는데 진짜 이쁘네요 ㅠㅠ 어디 에나 다 어울립니다,2018.08.23 13:22,None
청바지,제 사이즈 선택 을 잘못 해서 약간 긴것 빼고는 너무 괜찮습니다 가죽 도 튼튼하고 너무 좋아요 깔끔하니 이쁘 기도 하구요,2018.08.21 14:46,size
청바지,이쁘네요 ㅎㅎ 원하던 디자인 엿 고 겉 부분 금방 벗겨져서 걱정 햇 크게 티 나더라고요,2018.08.20 08:47,None
청바지,품질 도 좋고 너무 두껍지 않을까 했는데 바지 어울려요 색상 도 구매 하려려 구 요,2018.08.18 09:59,None
청바지,디자인 마음 드는데 스몰 인데 도 너무 커서 그냥 제 구멍 뚫어서 사용 있어요 ㅋㅋㅋㅋ,2018.08.16 15:46,None
청바지,블랙 구매 하였습니다 기본 충실한 제품 이어서 코디 할 수월하도 가성 비 좋은 벨트 입니다 깔끔하네요,2018.07.31 17:43,None
청바지,실버 와 앤 틱 실버 차이 를 모르고 실버 를 샀는데 실버 얼굴 비칠 매끈합니다 반짝임 을 걱정 했지만 실제 그렇게 눈 띄지는 않네요 반짝거림을 싫어하시는 분이라면 실버,2018.07.28 17:20,None
청바지,가격 도 좋고 디자인 도 좋고 용도 굿 근데 몇번 썼는데도 가죽 금방 헤지 느낌,2018.07.25 12:35,price
청바지,벨트 무난 하게 적당한 가격 품질 도 만족 이쁘게 착용 합니다,2018.07.22 16:26,price
청바지,가죽 냄새 덜하고 바지 입는데 적당히 맞게 들어갑니다 무엇 벨트 포인트 주기 딱인거 같아요,2018.07.20 14:25,None
청바지,길이 랑 패션 으로서도 딱 제 가원 하던 느낌 이라서 습 그렇지만 소 가죽 냄새 장난 아니게 심해 요 빨아서 써야 즈 입니다,2018.07.20 10:39,size
청바지,가죽 벨트 여러 있는데 벨트 너무 이뻐요 딱 제 원하던 스타일 이라 길이 도 완벽,2018.07.19 01:21,size
청바지,갈색 벨트 필요하던 참에 눈 띄어서 샀는데 이쁘네요 버클 크기 도 적당하고 쥬얼 게 입 을 포인트 차기 좋을것 같아요,2018.07.10 09:06,size
청바지,디자인 도 무난 가격 도 무난 저 벨트 게 옷 을 입진 않아서 그냥 싸게잘 착용 하고있습니다 입는데 길이 딱 적당하네요,2018.07.10 01:46,size
청바지,제 허리 얇은 편이 라 벨트 를 사면 많이 남아 서 잘라야 했는데 벨트 딱 맞아서 좋아요 다만 너무 뻑뻑 느낌 많이 듭니 다 오래 착용 하면 가죽 외피 벗겨질 같기도 합,2018.07.09 20:49,size
청바지,벨트 큰 투자 하는 편 인데 싼 가격 무난 괜찮습니다,2018.07.07 22:38,price
청바지,비싸지 않은 가격 만족스럽습니다 입는데 약간 타이 트,2018.06.27 08:09,price
청바지,튼튼한데 작으면 주름 생깁니다 ㅜㅜ 그래도 색도 이쁘고 고급스러워 여서 네 용,2018.06.24 14:07,None
청바지,사이즈 딱 맞구여 배송 도 빨랏구 그런데 암 쪽 갈라지는게 살짝 느껴 저서 그렇지만 관리 하면 오래 쓸꺼 같아여 오래 쓰게 되면 구매 할껍니 다,2018.06.22 13:30,size
청바지,요새 벨트 만 차네요 연 청 이랑 도 어울리고 슬랙스랑 도 어울리고 뭐 빠지는게 없습니다,2018.05.07 18:53,None
청바지,무신사 스탠다드 게 가장 기본 면서 도 이뻐요 ㅎㅎ 벨트 처음 구매 했는데 허리 사이즈 별로 길이 지정 가능해서 참 좋아요,2018.05.04 23:59,size
청바지,좋은 가격 질 좋은 벨트 를 구입 해서 핵 만족합니다 ㅎㅎㅎ 색도 구입 해 놔야겠어요,2018.05.04 12:25,price
청바지,가격 대비 좋은 같아요 다음 색 구매 하려고 합니다 많이 파세요,2018.04.30 21:34,price
청바지,튼튼한 일리 소 가죽 벨트 를 찾던 무신 사 스탠다드 제품 만족도 높아어 구 매 햇 요즘 벨트 이거하나만 차고 다녀요 가죽 도 통 가죽 튼튼하구 버클 도 딱좋네요,2018.04.29 14:44,None
청바지,좋은 가격 좋은 제품 감사합니다 두껍습니다 버클 보단 아주 살짝 싼 느낌나요,2018.04.18 17:22,price
청바지,딱 맞을줄 고 삿는데 커서 구멍 뚫어야 할거 같아요 대부분 적당히 맞을듯 합니다 눌리 면 모양 도 변해서 작은거 사는거 추천 드립니다,2018.04.13 10:21,size
청바지,받아 보고 만져 보면 부드럽고 좋네요 잘라서 길이 조절 하는 방식 아니라 걱정 했는데 주문 하니 길이 도 적당하네요,2018.04.08 14:21,None
청바지,이쁘고 아무 매도 좋을 같아요 가볍고 무난 무난 좋아요,2018.04.07 23:47,None
청바지,이정 도 가격 완전 가성 비 좋습니다 많이 두꺼워서 당황 했지만,2018.04.07 23:46,price
청바지,짱짱하니 쫀쫀하 니 좋네요 좋은 제품 많이 만 들어주세요,2018.04.05 17:29,None
청바지,기 본 아이템 너무 너무 이쁩니다 코디 할게요 브랜드 이용 할것 같아요,2018.04.05 03:47,None
청바지,뭠 벨트 두꺼운 느낌 이에요 그래서 일단 입어봐야 알겠지만 가성 비는 습,2018.04.04 18:51,None
청바지,장난 없음 최고 갑 벨트 컬러 도 사야겠음,2018.03.31 10:53,None
청바지,좀더 블랙 가까웠다면 좋았을거 같아요 약간 회색 느낌 감도는게 아쉽네요,2019.03.09 13:32,color
청바지,스판끼좋 고 입기 깔끔합니다 너무 잘산것 같아요 ㅎㅎ 굳 굳 ㅋㅋㅋ,2018.12.15 02:53,None
청바지,돼지 라 투엑스 라지 했는데 맞네요 바지 도 둘러봐야겠어요,2018.12.12 21:06,None
청바지,처음 구매 했는데 마음 쏙 들어가요 바지 스타일 도 멋있어요,2018.10.17 08:05,None
청바지,살짝 스판끼있 고 이쁩니다 쨍 검은색 아니고 살짝 끄 무리한 검은색 이에요 이뻐여,2018.07.10 22:29,None
청바지,허벅지 쪽 스크레치 있었네요 그렇게 신경 쓰일 아닌데 무난 하게 입을수 있을거 같아요,2018.04.02 03:12,None
청바지,기존 청바지 사이즈 대로 갔어야 했는데 아쉽게도 사이즈 미스 인해서 많이 입질 못 있네요 ㅠ 그래도 재질 가성 비 좋아서 퍼블릭 아이콘 계속 이용 할 입니다,2017.12.06 22:36,size
청바지,여자친구 선물 사줬는데 너무 좋아하네요,2019.04.26 13:34,None
청바지,사진 많이 파랗지만 이뻐요 슬림 하면서도 부담 스럽지 않은 핏 이에요 뭔가 거 입으면 기분 도 좋아짐 ㅎㅎ,2019.04.03 16:18,size
청바지,길이 감 사이즈 모두 적당하네요 밑 커팅 포인트 도 이뻐요 색감 도 괜찮구요,2019.04.01 10:47,size
청바지,요새 산 옷 제일 맘 듭니 다 부츠 컷 존예 바지 도 참 짱짱하고 좋아요,2019.04.10 02:43,None
청바지,와이드 진 너무 좋고 입겠습니다 잘산거 같아요,2019.05.14 21:25,None
청바지,먼지 많이 붙긴한데 핏 이쁩니다 가격 대비 음 여,2019.02.09 17:12,price
청바지,좋아요 ㅎㅎㅎ 사이즈 도 딱이고 배송 도 빠르고 감사합니다,2019.01.30 22:22,size
청바지,주머니 쪽 챙 이라고 해야하나 그게 잘못 갈렸 ㄴ 엄청 날카롭더라구요 ㅜㅜ 불량 인 고 같은데 그냥 삿포로 갈아서 입고있습니다,2018.12.05 20:45,None
청바지,평소 입고 가기 도 좋고 코디 하기 좋은 무난 제품,2019.05.08 03:28,None
청바지,약간 년대 청바지 스타일 입니다 색감 도 괜찮고 살짝 도톰한게 봄가을에 입기 좋겠네요 다만 아쉬운건 허벅지 통 기재 된거 큼니다,2019.03.03 22:31,None
청바지,제 원래 인데 허벅지 굵은 편이 라 와이드 핏 같은건 한번 도 입어보고 항상 허벅지 맞는 슬림핏 만 입어오다가 이번 할인 할 구매 하게 됐는데 진짜진짜 편하고 간,2019.02.27 11:48,size
청바지,친구 도 주문 해서 번째 주문 인데 배송 오래 걸렷는데 저렴한 가격 예쁜 바지 사서 좋네요,2019.02.23 11:38,price
청바지,배송 이느려 당황 했지만 그래도 받았네요 입을게요,2019.02.22 14:58,None
청바지,이상하면 어쩌지 열어 봤는데 너무 만족했습니다,2019.02.22 14:08,None
청바지,딱 원하던 색상 핏 요 게다가 가격 저렴하게 사서 친구 거도 주문 했습니다 키로 인데 루즈 하게 맞고 허리 조금 남아 요,2019.02.19 01:34,price
청바지,배송 도 빠르고 옷 도 이쁘네요 입고 다니겠습니다,2019.02.17 17:13,None
청바지,설연휴 쯤 결제 했는데 빠르게 온것 같아용 감사합니다,2019.02.12 16:29,None
청바지,허리 부분 뭔가 넓어서 바지 넣어 입으면 부분 여서 너무 이상해요 시한 티 허리 부분 가려서 입어 야해요 무조건,2019.02.06 14:53,None
청바지,제 다리 굵은 편이 라 한번 구매 해봤는데 핏도좋 고 딱좋아요 근데 허리 너무 커요,2018.12.01 19:47,size
청바지,그냥 검은색 청바지 인데 신축 성은 없고 걍 그래요,2019.05.05 22:58,None
청바지,저렴하게 기 대안 샀는데 길이 적당하고 핏 도 좋아요 다만 발목 시 보리 만 짱짱했으면 좋겠습니다,2019.04.30 22:54,size
청바지,통 지도 않고 크지도 않아 진짜 원하던 사이즈 에요 휴가 시키고 쓰네요 ㅋㅋ,2019.02.16 19:40,size
청바지,설연휴 결제 같은데 비교 상품 빨리 도착 아영 물건 도 맘 듭,2019.02.12 16:30,None
청바지,바지 질 진짜 좋고 샀는데 허리 크지만 벨트 매서 입으면 진짜 편하고 이쁜것 같습니다 디자인 보고 고른것 같아요,2019.05.01 09:02,None
청바지,사이즈 를 잘못 주문 했는데도 이뻐요 치수 크게 입는 도 괜찮은 같아요,2019.04.06 08:43,size
청바지,비슷한 디자인 바지 있긴한데 반값 세 하길래 호다닥 샀 습 니 닿 ㅎㅎ 입을게요,2019.03.27 22:03,None
청바지,넘나 귀여워요 색도 너무 이쁘고 딱 이쁜 중청 이에요,2019.04.23 13:17,size
청바지,받았어요 신축 성 좋아 편하고 색도 여름 입을수있을듯 해 요,2019.04.15 00:14,None
청바지,배송 늦음 배송 무지무지 늦 엇음 배송 누락 인해,2019.02.05 00:10,None
청바지,원단 좋은데 사이즈 큰게 있으면 좋겠어요 슬림핏 이라 평소 크게 사야하네,2019.04.30 07:06,size
청바지,소재 일반 인 청바지 와는 다르네요 조금 흐물거리 느낌 입니다,2019.05.03 20:16,None
청바지,브랜드 처음 입어 보는데 디자인 핏 색 다 만족합니다 키 인데 사이즈 기장 조금 기네 요 조금 길어서 그냥 입어요 핏 좋고 무난 편하게 입고,2019.05.05 16:48,size
청바지,저렴한 가격 좋은 바지 겟했네 요 입겠습니다,2019.05.04 09:18,price
청바지,옷 왔는데 교환 하기 너무 힘드네요 다 교환 하실 반송 택배 비 조심하세요 작게나와 교환 요청 후 반송 비용 동봉 하여 보냈는데 하도안와 서 반송 후 문의 하니 답변 반송 금액,2019.05.14 16:26,price
청바지,기장 많이 길 어 서 따로 수선 필수 인 듯 찢어진 부위 랑 워싱 참 이쁩니다 근데 밑위 꽤 길어서 다리 짧아,2019.05.02 01:00,None
청바지,허벅지 타이 트 게 딱 맞아서 자주 입게 될지는 모르겠네요 허리 살짝 남는 디자인 이쁨 두꺼워서 한여름 못 입을듯,2019.04.18 09:24,size
청바지,사이즈 정사 이즈 딱이네요 입을게요 감사합니다,2019.04.15 00:57,size
청바지,사이즈 많에 작아요 완전 스키 니 허리 사이즈 업 해서 입어야 좋을듯,2019.03.04 05:03,size
청바지,사진 이랑 똑같이 슬림하 기장 길어요 저 약간 짧게 입는 체질 여서 저 겉 다음 입엇 습 니 다 참고하세요 이쁘긴 진짜 이뻐요 봄 가을 입어도,2019.02.09 19:20,None
청바지,너무 만족 같은핏 다크 블랙 색상 오면 좋겠다는 마음 뿌누 ㅜ,2019.02.08 03:02,None
청바지,기준 하면 딱 좋네요 가격 도 싸고 많이 파세요,2019.05.16 18:28,price
청바지,라서 허리 맞는 벨트 찾기 힘들었는데 이건 제일 끝 있는걸 면 적당히 맞네요 다만 새거라 그런지 많이 빳빳해 서 많이 써야 부드러워질 같아요,2019.05.15 19:57,None
청바지,원래 싸구려 벨트 매고 다녔는데 벨트 맞더라구요 처음 벨트 입문 용 샀는데 디자인 도 예쁘고 구도 도 좋고 만족스럽습니다,2019.05.15 18:41,None
청바지,벨트 두껍고 딴딴하고 왠만한 옷 에도 다 어울려요 오래 이용 할 같아요,2019.05.15 17:46,None
청바지,허리 커버 못 하는 같아요 구멍 있어야 다용 도 펀 칭기 사서 뚫으려고요,2019.05.15 20:53,None
청바지,가격 대비 좋습니다 벨트 사야겠다고 했는데 좋은 가격 구매 했습니다,2019.05.15 16:38,price
청바지,가격 대비 튼튼하고 퀄리티 좋고 디자인 좋네요 좋아요,2019.05.15 21:49,price
청바지,가격 대비 최고 벨트 인 같아요 넣어 입 을 이쁜 벨틉니 다,2019.05.15 22:17,price
청바지,넣어 입 을 벨트 예뻐서 좋고 구성 도 있고 좋습니다,2019.05.15 15:28,None
청바지,사이즈 별로 나와있어서 일단 좋고 진짜 기본 고 있을 만해 요,2019.05.15 14:15,size
청바지,깔끔하고 기본 벨트 네 요 사이즈 도 맞아서 좋아요,2019.05.15 13:12,size
청바지,가격 이정 도 퀄리티 면 브랜드 보다도 가격 도 저렴한데 허 부족함 을 못 느낍니다요,2019.05.16 14:36,price
청바지,가죽 이라 역시 짱짱하고 좋네요 사용 있어요 감사합니다 ㅎㅎ,2019.05.16 14:20,None
청바지,사이즈 맞습니다 다음 색상 구매 해 보고 싶네요,2019.05.16 14:09,size
청바지,매우 만족하며 입고 있습니다 다음 에도 구입 하겠습니다,2019.05.15 11:43,None
청바지,가죽 냄새 도 거의 없고 어디 착용 해도 무난 깔끔해서 좋습니다,2019.05.15 10:27,None
청바지,가격 비해 역시 가죽 도 괜찮고 구성 도 좋은 거 같아요,2019.05.15 10:12,price
청바지,너무 과 하지도 않고 심플 기본 벨트 무난 하게 착용 하기 좋습니다,2019.05.15 09:25,None
청바지,꼭 필요한 벨트 입니다 이쁘고 좋네요,2019.05.15 07:48,None
청바지,좋네요 질도 좋은 거 같구요 다음 구입 할 의사 있습니다 번창 하세요 ㅎㅎ,2019.05.15 02:54,None
청바지,무난 하게 착용 하기 좋은 거 같아요 그냥 진짜 무난,2019.05.15 02:28,None
청바지,길다는 후기 보고 샀는데 조금 짧은거 같아요 평소 바지 입는데 샀어도 괜찮았을꺼 같습니다 배송 빠르고 가격 대비 괜찮아요 잘쓰겠습니다,2019.05.14 23:25,price
청바지,믿고 있는 무신사 스탠다드 입니다 평소 쓰던 벨트 너무 헐어서 튼튼한거로 구 하려고 툭 사 버렸습니다 산 슬랙스 사이즈 미스 환불 했는데 벨트 짱짱하고 아주,2019.05.14 19:48,size
청바지,근데 줄이 길어서 시킬 걸 그랬네요 뚱뚱하신 분들 아니면 걍 가셔도 듯 요,2019.05.14 19:37,None
청바지,오래 착용 가능할거 같아요 사이즈 를 못 사서 구멍 을 추가 뚫어야하지만 ㅠㅠ,2019.05.16 08:30,size
청바지,이쁘고 맘 드는데 구성 어떠려는지 써 봐야 같네요,2019.05.16 06:48,None
청바지,가격 딱 퀄리티 편하게 쓸만 합니다 근데 마른,2019.05.16 02:56,size
청바지,아버지 선물 드렸는데 나이 드신 어른 분들 착용 하긴 맞지 않지만 그래도 좋아하셔서 기쁩니다,2019.05.14 16:28,None
청바지,벨트 를 아무 거나 차고 다니다가 조금 꾸미고싶어서 새로 샀는데 매우 맘에듭키 다,2019.05.14 11:07,None
청바지,굵기가 볼드 버클 도 보올드 느낌 스 넘나 이쁨,2019.05.14 09:43,None
청바지,슬랙스 입 을 벨트 없었는데 기본 인 디자인 정말 좋습니다,2019.05.14 09:01,None
청바지,짧아서 놀랬는데 기 본 템 깔끔하고 좋습니다,2019.05.14 08:38,None
청바지,가격 대비 품질 좋은 거 같아서 괜찮았어요,2019.05.14 03:33,price
청바지,벨트 를 항상 착용 하진 않지만 갖고 있으면 좋습니다 가끔 포인트 수도 있구요 제품 괜찮은 같아요,2019.05.14 00:17,None
청바지,블랙 벨트 필요했는데 마침 구매 했습니다 가격 대 비해 버클 도 고급스럽고 착용 있습니다,2019.05.14 00:01,price
청바지,허리 얇은데도 새로 구멍 뚫을 필요없고 넘 습,2019.05.13 23:03,None
청바지,무난 무난 니 편하고 좋아요 가성 대비 좋은 듯 굳긛,2019.05.13 22:03,None
청바지,돈값 합니다 딱 가격 퀄리티 같다고 함다,2019.05.13 18:04,price
청바지,고민 많이하고 샀는데 돈값 하는거 같네여 많이 파세요 ㅎㅎ,2019.05.13 17:50,None
청바지,벨트 가죽 도 짱짱하구 오래오래 쓸수있을것 같아서 좋아요,2019.05.13 15:04,None
청바지,적당한 품질 적당한 가격 이에요 막 쓰기 좋아요,2019.05.11 22:06,price
청바지,나름 나름 무난 질 괜찮아서 오래 쓸 있을것 같음 단점 음 조금 큼,2019.05.12 09:17,None
청바지,벨트 필요해서 찾다가 가성 비 벨트 를 찾게 됐어요 몇 쓸수있을 같네요,2019.05.11 15:51,None
청바지,별루 기 댜안 있었는데 너무 좋아여 ㅎㅎㅎㅎ 추천 요,2019.05.11 22:14,None
청바지,무난 이쁘네요 있어도 좋은 아이템 입니다,2019.05.11 13:52,None
청바지,그냥 일반 이고 무난 벨트 에요 싸게 샀습니다,2019.05.11 13:48,None
청바지,딱 무난 기본 아이템 인 거 습 사용 있어요,2019.05.12 01:21,size
청바지,편하고 이쁘고 괜찮아요 사시는거 추천 합니다 사세요,2019.05.12 01:08,None
청바지,갔습니다 처음 했다가 너무 길어서 교환 했습니다 평소 바지 입는 분 을 가도 될거 같습니다 현재 사이즈 계속 사용 이지만 구멍 모자라서 새로 뚫고 사용 입,2019.05.11 12:17,size
청바지,배송 도 빠르고 좋은데 벨트 구멍 조금 있었으면 하는 아쉬움 남네요 ㅜㅜ,2019.05.11 11:57,None
청바지,가격 이라고 믿기지 않을 퀄리티 와 싸 보이지 않는 심플 과 재질,2019.05.11 10:41,price
청바지,일리 진짜 최고 최고 가격 도 착하고 질도 좋고 그냥 개꿀 녀,2019.05.11 10:08,price
청바지,기본 가죽 벨트 필요했는데 후기 도 좋고 막상 써 보니 만족 입니다 코 디도 쉽고 좋아요,2019.05.10 23:26,None
청바지,사이즈 선택 하셔 야해요 허리 면 라지 적격,2019.05.10 20:29,size
청바지,길이 사이즈 마다 다르게나 와 줄일 필요 없어서 좋네요,2019.05.10 20:09,size
청바지,상품 정말 괜찮고 기 본 템 있어야 되는 벨트 인 같네요,2019.05.10 20:06,None
청바지,남친 벨트 많이 낡아서 기 본 템 구매 했는데 좋다고 합니다,2019.05.10 16:47,None
청바지,무난 지게 괜찮은 거 같아요 기 본 템 추천 드립니다,2019.05.12 23:34,None
청바지,사이즈 미스 나긴 했지만 매일 착용 하기 좋아요 쯤 사세요,2019.05.12 21:42,size
청바지,가격 퀄리티 매우 만족해요 오래 쓸 있을 같아요,2019.05.12 20:40,price
청바지,그냥 가격 비해 괜찮은 제품 같아요 냄새 조금 요,2019.05.12 18:44,price
청바지,저렴한 가격 탄탄한 벨트 구입 같아요 오래 쓸 있을것 같습니다,2019.05.12 18:31,price
청바지,제 원하던 느낌 길이 도 적당하고 일리 다니기 좋겠어요,2019.05.10 14:18,None
청바지,진짜 좋아 요 가성 비 짱인듭 솔직히 가죽 질도 좋고 사이즈 도 적어주셔서 좋앗음,2019.05.10 13:26,size
청바지,가죽 냄새 많이 나는거 같긴한데 깔끔하고 좋습니다,2019.05.10 13:19,None
청바지,음 나쁘지 않고 진짜 무난 무난 해 요 재질 도 괜찮고 가격 도 다 무난 무난 그냥 아무 다 입어도 괜찮을거 같아요,2019.05.10 11:31,price
청바지,사이즈 맞고 디자인 이쁘고 착용 감도 조아요 추천 합니다,2019.05.10 11:19,size
청바지,진짜 느낌 확 다름질 낮은 일반 벨트 만 차다가 처음 사봤는데 와 게 진짜 가죽 이구나,2019.05.10 11:12,None
청바지,청바지 랑은 어울림 버클 도 검은색 이라 그런듯 검정 슬랙스 베이지색 면 바지 어울림,2019.05.10 02:50,color
청바지,제 허리 얇은가 봅니다 구멍 뚫어서 써야겠네요 넣어 입 을 포인트 되고 좋습니다,2019.05.09 23:52,None
청바지,구멍 한개 있었으면 좋았겠지만 만족합니다,2019.05.09 21:36,None
청바지,그냥 저 냥 쓸만 거 같습니다 완전 좋은 아니고 가격 값 하는듯 합니다,2019.05.09 19:50,price
청바지,솔직히 별로 일줄 고 샀는데 가성 비 최고 인 듯,2019.05.09 19:33,None
청바지,상당히 빤 딱하고 갠찬은 거 애 요 짱짱하니 좋아요,2019.05.09 19:18,None
청바지,정말 지극히 평범하기 없는 벨트 합니다,2019.05.09 17:41,None
청바지,재질 좋고 퀄리티 좋아요 하자 없구요 엑스 라지 샀는데 길어요 라지 살걸,2019.05.09 17:20,None
청바지,싼 맛 사기 좋아요 재질 도 그렇게 나쁜건 아닌거 같고 차고 다닙니다,2019.05.09 16:15,price
청바지,괜히 하는게 아니네요 좋아요 배송 겁내 빠르네요,2019.05.09 15:42,None
청바지,믿고 사는 벨트 입니다 사이즈 사니 딱 맞네요 허리 입니다,2019.05.09 15:12,size
청바지,조금 아쉬운 있다면 구멍 뚤려있음 좋겠네요 허리 얇아서 ㅎㅎ,2019.05.09 14:30,None
청바지,재질 등등 괜찮아요 무난 무난 사보십 쇼 후회 할듯,2019.05.08 19:55,None
청바지,벨트 이쁘고 옷 입 을 포인트 주기도 괜찮은 거 같아요,2019.05.08 19:28,None
청바지,배송 도 빠르고 재질 도 괜찮습니다 추천 합니다 구매 하셔요 ㅎㅎㅎ,2019.05.08 17:18,None
청바지,가격 대비 품질 도 나쁘지 않고 길이 도 괜찮음 코디 하기 무난,2019.05.08 15:24,price
청바지,저렴하고 깔끔해요 검정색 사면 청바지 에도 어울립니다,2019.05.08 14:40,color
청바지,싸게 좋은 거 산거 같아요 나중 여기 서 사야겠네요,2019.05.08 12:48,None
청바지,후기 굉장히 좋아서 너무 기대 를 탓 인지 조금 실망 감 큽니다 일단 재질 버클 싼 티 꽤 납니다 무난 해서 용도 좋으나 그리 오래 사용 하진 못 할듯 합니다,2019.05.08 12:45,price
청바지,상품 좋은데 길이 짧네요 저 ㅠㅠㅠ 제품 좋습니다,2019.05.08 12:37,None
청바지,무탠 합작 이라 가격 도 좋고 믿고 삿습니 다 레더 벨트 필요 햇 잘쓸게요,2019.05.08 12:29,price
청바지,심플 벨트 필요했는데 딱입니다 사이즈 입는데 하기 한것 같아요 잘쓰겠습니다,2019.05.08 07:30,size
청바지,벨트 튼튼하고 디자인 했던것보다 맘 에드 네 요 ㅎ 잘쓸께요,2019.05.08 01:41,None
청바지,이전 쓰던 벨트 너무 갈라져서 구매 했습니다 했던거보다는 바 클이 조금 크지만 뭐 무난 디자인 이라 이상하진 않네요,2019.05.07 23:26,None
청바지,반신반의 하며 처음 돈 주고 산 벨트 딱 맞고 좋습니다,2019.05.07 22:33,size
청바지,사진 봤을 몰랐지만 버클 상당히 투 박해서 미묘한 멋 있다 구멍 마감 조금 별로 인걸 빼면 흠잡을 부분 없다 즉 이외 완벽한거 같고 품질 도 아주 괜찮다,2019.05.07 19:29,None
청바지,사이즈 도 딱이 무난 하니 어디 에든 어울리 네 여,2019.05.07 19:25,size
청바지,뻣뻣하긴 한데 일단 써 봐야 될것 같네요 나름 만족합니다,2019.05.07 17:56,None
청바지,방금 받았어요 잘쓰도록 항 게 요 구성 테스트 이에요,2019.05.07 17:06,None
청바지,색감 도 이뻐요 근데 벨트 개봉 시 벨트 색 덮은 실 살짝 나와 있는 빼곤 좋네요 ㅎㅎ,2019.05.07 14:45,None
청바지,무난 무난 합니다 딱 기 본 벨트 에요 ㅎㅎ 색도 있습니다,2019.05.07 13:23,size
청바지,되게 깔끔하고 좋아요 나갈 매일 입고 다닙니다,2019.05.07 12:51,None
청바지,나쁘지 않은듯 근데 가루 떨어져서 심히 불편 가죽 크림 필요할듯,2019.05.07 12:40,None
청바지,그냥 그럭저럭 입니다 ㅋㅋ 평소 찰 만 허리띠 없으셨으면 가성 비 좋아요,2019.05.07 12:20,None
청바지,허리 인데 할 있어 좋네요 일반 무난 하게 착용 가능합니다,2019.05.07 00:22,None
청바지,완전 무난 해서 어디 에나 코디 해도 어울려요 가성 비 짱 인 듯,2019.05.06 16:16,None
청바지,무난 검정색 벨트 찾고 있었는데 딱 괜찮은 거 같아요 튼튼해 고,2019.05.06 14:36,size
청바지,허리 안되는데 커서 여주 맛 없어요,2019.05.06 14:03,None
청바지,살면서 교복 벨트 이후 처음 벨트 사본건데 쥬얼 룩 라면 바지 랑 도 어울리는 벨트 입니당 벨트 없으신 분들 장만 하시면 좋을것 같아요,2019.05.06 13:07,None
청바지,인생 첫 검정 벨튼 너무 예쁘고 맘 에드 네 요 너무 좋아요,2019.05.06 12:20,None
청바지,벨트 어떤거 고민 하다가 샀는데 무난 하면서 이쁘고 서 이즈 도 맞아요,2019.05.05 22:11,None
청바지,길이 좋은데 가죽 냄새 그냥 가죽 냄새 아니라 이상한 냄새 나네요,2019.05.05 22:03,None
청바지,가격 대도 괜찮고 벨트 처음 사보는데 디자인 도 깔 끔 길이 도 적당,2019.05.05 18:12,price
청바지,품질 정말 괜찮은 거 같아요 다만 조금 큰거 같습니다 사이즈 라서 라지 샀는데 미디움 살껄 그랬네요,2019.05.05 15:44,size
청바지,짱짱하고 튼튼하니 좋습니다 다만 금방 늘어나는 경향 있긴 해용 ㅎ,2019.05.05 15:20,None
청바지,가성 비 짱짱 제품 입니다 재질 도 가격 비 하면 좋고요 구멍 좀더 많았으면,2019.05.04 17:20,price
청바지,상품 도 하자 없습니다 가격 도 좋습니다 다음,2019.05.04 13:36,price
청바지,길이 조금 아쉽긴 퀄리 티나 색감 제 원하던 그대로 네 요 벨트 주착 용하겠습니다,2019.05.04 12:45,None
청바지,밸트 머살 고민 잇 검색 하다가 너무 좋다는 후기 많앗서 삿는데 좋아요,2019.05.04 18:17,None
청바지,상품 받았습니다 고맙습니다 매우 만족합니다,2019.05.04 11:49,None
청바지,이탈리안 불하 이드 레더 벨트 청바지 슬랙스 이쁨,2019.05.05 06:20,None
청바지,정장 바지 를 커버 하기까진 조금 무리가있을 듯 주얼 복장 깔끔하고 예쁘게 떨어질 법 벨트 에요 무난 정장 벨트 찾아봐야겠어요 ㅎ,2019.05.03 20:36,None
청바지,벨트 없어서 샀습니다 매우 만족 까진 아니지만 불편함 없이 사용 있습니다,2019.05.03 19:46,None
청바지,가격 대비 벨트 없다고 고로 모로 만조,2019.05.03 19:12,price
청바지,길이 너무 길어요 구멍 뚫었네요 말고는 다 맘 들어요,2019.04.30 23:53,None
청바지,주얼 도 어울리네요 감사합니다,2019.05.03 18:36,None
청바지,명품 아니지만 옷차림 깔끔하게 싶을 벨트 를 착용 합니다 심플 하면서도 깔끔한 느낌 을 내기 좋아요,2019.05.03 17:24,None
청바지,실물 훨씬 이쁜 같아요 ㅎㅎ 어이 어울리고 이쁘게 입을게요,2019.05.03 16:22,None
청바지,기 본 벨트 샀는데 이뻐서 좋았음 추천,2019.05.03 15:31,None
청바지,완전 무난 지게 다 입 을 있어요 일리 최고 인 듯,2019.05.03 15:22,None
청바지,가성 비 좋아요 너무 맘 들고 긴거 싫어하시는 분 가는게 좋을거 같아요,2019.05.03 15:06,None
청바지,가격 대 비 해서 디자인 깔끔하고 좋습니다 무난 하게 쓰기 좋은 같아요,2019.05.03 11:11,price
청바지,할아버지 허리 신 사이즈 조금 간당간당 품질 굿,2019.05.03 10:12,size
청바지,가성 비 좋네요 저 무난 무난 벨트 를 찾고 있었는데 좋습니다,2019.05.03 10:02,None
청바지,벨트 대해 모르는데 그래서 고른 제품 입니다,2019.05.03 00:25,None
청바지,무난 하게 쓰기 좋은 그냥 일반 벨트 가격 싸서 샀 습,2019.05.03 00:17,price
청바지,배송 빠르고 가격 대비 무난 무난 합니다 ㅎㅎ 잘사 용하겠습니다,2019.05.02 23:17,price
청바지,버클 제 스타일 이고 너무 좋아요 가죽 소재 맘 들어요,2019.05.02 22:04,None
청바지,가성 비도 좋도 크기 도 적당해서 아주 좋아요 강 추합니당,2019.05.02 22:03,size
청바지,달 째 사용 있지만 정말 좋습니다 벨트 만 사용 할 같네요,2019.04.30 19:45,None
청바지,벨트 필요 햇 잘쓸 게 여 ㅎㅎ 감사 하빈다 페이 탈 리즈,2019.05.02 20:34,None
청바지,벨트 고급스럽네요 약한것 같은데 오래 차 볼께요,2019.05.02 20:00,None
청바지,사이즈 미스 해서 고생 해서 구멍뚫엇어 요 ㅠㅠㅠㅠ 말고는 가쥭 아주 좋아요,2019.05.02 19:56,size
청바지,가격 비해 싸 보이지 않고 딱입니다 양 가죽 나왓으면하네룡,2019.05.02 18:19,price
청바지,색상 도 이쁘고 매우 깔끔합니다 약간 뻣뻣하긴,2019.05.02 18:05,None
청바지,딱 기본 벨트 무난 무난 싸고 이뻐요 가죽 제품 이만 가격 딱 좋습니다 ㅎㅎ,2019.05.02 18:03,size
청바지,기본 벨트 벨트 없으시면 사면 됩니다 아앙 그냥 사심,2019.05.02 17:52,None
청바지,페이퍼 탈 리즘 벨트 블랙 무난 무난 기 본 벨트 가성 비 최고 같네용,2019.05.02 17:08,None
청바지,짱짱해서 오래 쓸수 있을거 같아요 기 본 템 갖고있으면 좋을듯,2019.05.01 18:36,None
청바지,일단 재구매 의사 없다 일주일 도 안되어 가죽 벗겨지고 늘어났다,2019.05.01 17:36,None
청바지,색상 도 이쁘고 배송 도 빠르고 길이 도 적당하고 좋습니다,2019.05.01 16:56,None
청바지,저렴한 가격 좋은 제품 같아요 배송 도 라서 좋아요,2019.05.01 16:45,price
청바지,길이 도 적당하고 디자인 도 무난 해서 차고 다닐거 같아요 단지 구멍 뚫어야 될거 같네요,2019.05.01 14:10,None
청바지,짱짱해서 놀랐어요 ㅎㅎ 입 할 이쁘게 코디 할수있어요,2019.05.01 12:31,None
청바지,기본 벨트 필요했는데 첫 벨트 입문 용 좋았어요,2019.05.01 11:54,None
청바지,전체 그냥 무난 합니다 고급스럽진 않고 그냥 가격 하는 느낌,2019.05.01 10:49,price
청바지,일단 벨트 사이즈 를 원하는대로 맞춰서 주문 할 있는게 너무 좋았고 디자인 도 심플 하니 좋습니다,2019.05.01 10:42,size
청바지,기본 벨트 필요 햇 막 쓰기 좋네요 굿굿 ㅎㅎ 맘 들어요,2019.05.01 10:38,None
청바지,조듬 두껍긴 하지만 그래도 예쁘게 하겠습니다,2019.05.01 10:10,None
청바지,블랙 샀다가 이뻐서 브라운 삽니다 베이 지류 바지 입으려 구 용,2019.04.30 17:41,None
청바지,대로 왔어용 가죽 그렇게 좋은 편 으닌거같아 요 그래도 쓰겠 읍,2019.04.30 17:34,None
청바지,가격 대비 좋아요 오래 쓸 있을거 같아요 가성 비 정말 좋어요,2019.05.02 14:46,price
청바지,청바지 슬랙스 매기 무난 티 지안 고 이뻐요,2019.05.02 14:30,None
청바지,길이 와 색상 만족합니다 다만 가죽 냄새 오래 갈듯 합니다,2019.05.02 13:13,None
청바지,벨트 사이즈 적당해서 추가 자를 필요 도 없고 디자인 도 무난 게 일리 룩 딱일것 같아요,2019.05.01 19:22,size
청바지,무난 그냥 깔끔해서 슬랙스 바지 어디 에든 괜찮네요,2019.05.01 19:13,None
청바지,라지 했는데 구멍 모자라서 뚫었어요 참고 하세요 벨트 만족합니다 ㅎㅎ,2019.04.30 05:05,None
청바지,선물 할거라 사이즈 다양하고 가격 대가 괜찮은 거 같아서 골랐는데 받은 너무 괜찮다고 좋다고,2019.05.01 22:08,price
청바지,평범하게데 일리 차고다니기 좋은 거 같네요 깔 색도 살까,2019.05.02 10:50,None
청바지,제 질도 그럭저럭 이고 착용 감도 그럭저럭 입니다,2019.05.02 10:48,None
청바지,어디 에도 매치잘 되고 심플 하게 기 본 탬 딱인것 같아요,2019.04.30 10:07,None
청바지,튼튼하고 좋습니다 길이 도 적당하고 폭도 그렇게 넓지 않아 부담 스럽지 않고 깔끔합니다,2019.05.01 09:39,None
청바지,기 본 벨트 구입 했어요 ㅡ 무난 사용 할듯 갈라짐이 있는것 같긴한데 얼마나 튼튼한지 사용 해봐야 할거 같아요 ㅡ,2019.05.01 02:54,None
청바지,가격 면 만족합니다 버클 도 크고,2019.05.01 23:50,price
청바지,깔끔하고 가성 비 좋습니다 다만 가죽 쉽게 주름 지는 느낌 있네요 만족,2019.04.30 01:56,None
청바지,너무 좋습니다 가죽 짱짱하니 착착 감 깁니다 허리,2019.04.30 01:28,None
청바지,벨트 필요해서 샀는데 사용 하고있습니다 가격 대비 좋은 같습니다,2019.04.30 01:09,price
청바지,대안 없습니다 정말로 이렇게 싸고 고 퀄 벨트 없을거에요,2019.05.02 02:10,None
청바지,가격 을 했을 무난 해요 당연히 고급 벨트 랑 질 차이는 차고 다닐만 합니다 블랙 ㄱㄱ,2019.05.02 01:32,price
청바지,좋아요 ㅋㅋ 필요해서 색 걸 바로 구 매 햇 어 요,2019.05.02 00:56,None
청바지,벨트 사이즈 도 잘맞고 가죽 도 괜찮은 거 같고 색도 이뻐요,2019.05.02 00:56,size
청바지,밸트사 면 맨날 얼 마안 쓰고 갈라지고 그랬는데 벨트 산지 달이 됐는데 버클 쪽 약간 크랙 빼고는 그대로 입니다 최고 에요,2019.05.06 22:56,None
청바지,음 일단 유연하지가 않아서 금방 망가질꺼 같음 가격 해선 괜찬,2019.04.29 06:23,price
청바지,싸 이즈 아주 딱입니다 중간 구멍 뚫고 싶은 맘 조금 있지만 튼튼하 규 좋아 보이네요,2019.04.29 03:51,None
청바지,기 본 아이템 좋네요 일리 착용 입니다,2019.04.29 02:16,None
청바지,색감 도 핏 도 길이 도 너무 다 좋고 이쁩니다 다음 에도 사고 싶어요,2019.04.29 02:05,size
청바지,질 좋아 좋아 마음 드루 ㅋㅋㅋ 괜찮넹 여 사세여 ㅎㅎ 츄 천합니다 살짝 몇 매 니 접히는 곳 울긴 하네여,2019.04.28 21:02,None
청바지,유니 네 벨트 좋고 싼 가격 이라서 항상 거 이용 할꺼 같아요,2019.04.28 20:52,price
청바지,저가 사이즈 라 정말 좋아요 ㅎㅎ 보기 실물 네 용,2019.04.28 18:52,size
청바지,이탈리안 불하 이드 레더 벨트 받았습니다 보내주실 구멍 뚤어 서 보내주시면 좋은데 이건 아쉽네요 그래도 상품 받아 보고 착용 해본 결과 무난 괜찮은 거 같습니다 ㅎㅎ,2019.04.28 11:51,None
청바지,가격 대비 퀄리티 정말 괜찮습니다 튼튼해서 좋습니다,2019.04.28 10:32,price
청바지,넘 편하고 색감 도 이쁩니다 자주 이용 할것 같네요,2019.04.28 07:17,None
청바지,기 본 템 가죽 벨트 필요하고 돈 없다 거사 세 요,2019.04.28 01:19,None
청바지,벨트 가죽 디자인 마음 드는데 사이즈 큰 감 있네요,2019.04.27 22:27,size
청바지,이뻐요 사이즈 잘맞고 좋아요 추천 합니당 ㅎㅎ 가성 비굿,2019.04.27 21:20,size
청바지,슬랙스 청바지 너무 어울립니다 무난 하게 나갈 어디 든지 코디 가능해서 배 바지 할 너무 이뻐요 ㅎㅎ 인생 벨트 고민 하는 추천 가성 비 갑 ㄲㄱ,2019.04.27 14:34,None
청바지,기본 기본 입니다 두껍고 오래 사용 할꺼 같네요,2019.04.27 12:41,None
청바지,만원 산 벨트 라고는 믿기지 않을만큼 괜찮네요 쓰겠 승담,2019.04.27 06:47,None
청바지,사이즈 미스 기부 해 버리거 한개 새로 삿음 넘 넘 졸 아영,2019.04.27 01:11,size
청바지,벨트 무난 하면서도 참 고급 지네 요 넘나 산듯 ㅋㅋ,2019.04.26 23:45,None
청바지,버클 모양 을 고민 많이 하였지만 가격 대비 만족합니다,2019.04.26 21:09,price
청바지,무난 깔끔하게 착용 할 있는 벨트 딱입니다,2019.04.25 20:19,None
청바지,이쁘고 가성 비도 긴한데 재질 조금 아쉽네요 가격 주더 재질 좋은 거 사서 오래 쓰고싶단 들긴 했는데 막 쓰다 사도 괜찮을거 같아요,2019.04.25 20:16,price
청바지,가죽 이상 괜찮네요 가격 면 장만 해야 할듯,2019.04.25 19:07,price
청바지,가격 대비 괜찮네요 재질 도 맘 들고 버클 도 이쁩니다 블랙 색상 도 있고 브라운 추가 샀는데 네 여,2019.04.25 16:48,price
청바지,사이즈 알맞고 입는데 세번 째 구멍 딱 알맞게 착용 있습니다 좋아요,2019.04.25 15:13,size
청바지,세상 가장 무난 가죽 벨트 를 찾는다면 구매,2019.04.25 12:52,None
청바지,벨트 없어서 샀는데 싸게 구 매 거 같습니다,2019.04.25 08:53,None
청바지,살짝 무거운 감 있지만 색 너무 예뻐서 다녀요,2019.04.25 00:18,None
청바지,평소 벨트 없으시다면 추천 드립니다 디자인 및 품질 도 괜찮고 소 가죽 이라서 좋아요,2019.04.25 00:02,None
청바지,가성 비 너무 좋은 같습니다 색도 괜찮고 은근 짱짱하네요,2019.04.24 19:31,None
청바지,예뻐요 포인트 주기도 좋고 근데 늘어나서 모양 변하네요 ㅜㅜ,2019.04.24 19:11,None
청바지,가성 비 좋은 거 같네요 제 키로 허리 되는거 같은데 라지 너무 크네요 추천 합니다 구멍 모질라서 자체 뚫었네요,2019.04.24 18:30,None
청바지,가성 비 괜찮아 보입니다 자주 차고 다닐거 같아요,2019.04.24 18:22,None
청바지,모양 이쁩니다 살이 빠졌다면 구멍 을 내서 이용 하세요,2019.04.24 16:36,None
청바지,좀더 긴 사이즈 를 살걸 후회 합니다 디자인 실 용도 아주 높고 좋아요,2019.04.24 16:34,size
청바지,깔끔하고 이뻐서 어디 어울리네요 좋게 구매 했습니다,2019.04.24 16:33,None
청바지,튼튼합니다 벨트 처음 구매 해보는데 가격 값 하는것 같아요,2019.04.24 15:15,price
청바지,입충 이라 벨트 를 자주 갈 아끼는데 도 일리 나쁘지 않습니다 춫현,2019.04.24 15:04,None
청바지,평상시 쓰고 다녀요 딱 벨트 에요 사이즈 도 적당하 공 느,2019.04.24 14:53,size
청바지,이번 알아보다 구매 하게 되었는데 디자인 으로나 기능 으로나 만족하고있어요,2019.04.24 14:13,None
청바지,정말 빠르게 받았습니다 전체 맘 들고 다만 새거라 그런지 뻑뻑 그래도 만족합니다,2019.04.24 13:11,None
청바지,마음 드네 요 가격 도 괜찮고 심플 많이 파세요,2019.04.24 12:54,price
청바지,무난 하게 쓸 있는 스타일 가성 비 좋은 듯 해 요,2019.04.24 12:06,None
청바지,벨트 퀄리티 좋네요 또살 의향 잇답니다 ㅋㅋㅋㅋㅋㅋ 꼭 사세요,2019.04.24 12:00,None
청바지,깔끔한 디자인 만족스럽네요 착용 습 니,2019.04.24 11:52,None
청바지,기본 벨트 필요했는데 맘 들어서 좋아요 가성 비 갑,2019.04.24 11:49,None
청바지,제 마른 편이긴 한데 구멍 뚫려있으면 어땠을까 싶어요 그래도 스크레치 오염 같은 느낌 이에요,2019.04.24 11:36,None
청바지,허리 입으시면 이상 이면 가세 요,2019.04.24 03:13,None
청바지,길이 도 적당하고 튼튼한것 같습니다 가격 대비 괜찮은 같아요,2019.04.24 03:04,price
청바지,고급스러운 느낌 없지만 상용 사용 하기 괜찮아요,2019.04.23 18:47,None
청바지,그냥 그래요 좋지도 나쁘지도 적당히 잘쓰겠 습,2019.04.23 18:31,None
청바지,나쁘지 않은데 구멍 한두 만 더있 엇으 면 좋겠음,2019.04.23 12:36,None
청바지,밸 트는 처음 사보는데 질도 괜찮은 거 같고 착용 감도 좋아요,2019.04.23 00:01,None
청바지,가죽 도 좋은 거 같고 딱 맞는거 같아서 좋아여,2019.04.22 22:55,size
청바지,가격 대비 가성 비 아주 좋고 배송 도 라서 좋습니다,2019.04.22 21:52,price
청바지,길이 대한 리뷰 다양해서 걱정 했는데 막상 써 보니 적당합니다 디자인 도 이쁘고 만족합니당,2019.04.22 21:23,None
청바지,허리 인치 인데 굉장히 이쁜 벨트 네 요 자주 차고 다닙니다,2019.04.22 20:33,None
청바지,가격 대비 질 갠찮 고 디자인 도 무난 거 같아요 슬랙스 보다는 청바지 매치 라 되는거 같네요,2019.04.22 18:15,price
청바지,저번 만족해서 색 구매 했습니다 역시 좋아요,2019.04.22 16:16,None
청바지,제품 디자인 품질 다 괜찮은데 구멍 너무 적어서 사이즈 맞아요 저 직접 뚫었네요 분 평소 사이즈 다운 하시는게 좋을거에요,2019.04.21 13:17,size
청바지,가성 비 쓰기 제격 인 듯해 요 구성은 이제 구매 해서 모르겠어요 ㅎㅎ,2019.04.21 12:53,None
청바지,가죽 도 짱짱하고 어디 다 입어도 어울려요 허리 입는데 딱좋아요,2019.04.21 12:51,None
청바지,가성 비 좋고 디자인 도 깔끔하고 구성 도 좋은 거 같아요,2019.04.21 12:41,None
청바지,항상 쓰던 벨트 를 다 써서 구입 하였는데 너무 좋습니다,2019.04.21 23:02,None
청바지,가격 대비 품질 좋은 같네요 열심히 매고 다니겠습니다,2019.04.21 09:39,price
청바지,아직 새거라 그런지 벨트 움직일 삐걱 삐걱 가나 요 ㅠ,2019.04.20 20:13,None
청바지,아직 써 보지 못 해서 모르겟는데 키 몸무게 인 저 길이 사이즈 딱 맞네요 사이즈,2019.04.20 19:42,size
청바지,허리 입는데 마지막 째 칸 면 되네요 디자인 예뻐요,2019.04.20 19:28,None
청바지,사이즈 도 적당하고 가죽 질도 가격 대비 괜찮은 거 같아요 재구매 의사 있습니다,2019.04.20 19:20,price
청바지,이만원 짜리 레자 벨트 퀄리티 나오는것에 감탄 을 봅니당,2019.04.20 18:56,None
청바지,무난 무난 쓰 합니다 검정색 실버 라서 매 매일 차기 좋은 같아요 기본 벨트 없는 그냥 사시 면 될것 같습니다,2019.04.20 18:34,color
청바지,벨트 무난 하게 맞을것 같아요 ㅎㅎ 상품 설명 맞게 사이즈 주문 하면 될것 같네요,2019.04.20 18:28,size
청바지,처음 뻑뻑 점점 사용 할수록 착 감기 맛 있네요,2019.04.20 17:35,None
청바지,가격 매우 저렴하고 기본 벨트 라서 마음 들어요,2019.04.23 23:01,price
청바지,벨트 없어서 구입 하려하는데 블랙 이뻐서 구매 했는데 무난 합니다 기 본 템 입니다 잘쓸게요,2019.04.23 23:01,None
청바지,벨트 역시 가죽 이정 도 가격 퀄리티 라니 정말 좋은 제품 입니다,2019.04.20 16:38,price
청바지,벨트 길이 감 딱 맞고 재질 도 부드러워서 좋습니다 많이 파세요,2019.04.20 10:04,size
청바지,아무 곳 에나 어울리는 벨트 고급스러운 느낌 무난 느낌,2019.04.20 04:37,None
청바지,슬랙스 보단 청바지 면 바지 어울리는 느낌 입니다,2019.04.20 00:34,None
청바지,실제 고급스럽고 탄탄한 느낌 이라 산 같아요 추천 합니다,2019.04.20 00:28,None
청바지,두꺼운거 찾고있었는데 딱좋습니다 퀄 도 저 여,2019.04.20 00:00,None
청바지,기본 충실한 벨트 입니다 무난 가격 도 저렴해서 좋네요,2019.04.19 19:10,price
청바지,바지 평소 입는데 하니까 젤끝 완전 딱 맞습니다,2019.04.19 18:52,size
청바지,많이 크네요 바지 허리 보통 엠 입어서 엠 샀더니 거나 한거나 큰 차이 ㅠㅠ,2019.04.19 18:30,size
청바지,벨트 가죽 질 가격 비 해서 좋네요 메고 있어요,2019.04.19 17:11,price
청바지,길이 진짜 적당해요 엄청 맘 에드 네 요 추천 합니다,2019.04.19 14:14,None
청바지,무난 무난 게 쓸수있는 벨트 같습니다 입을게요,2019.04.19 14:14,None
청바지,촌스럽지만 실용 이고 돈 없어서 샀으니 후회 합니다,2019.04.19 13:07,None
청바지,가성 비 좋고 조금 만 길들이 몁 괜찬앙 여 좋게 쓰고있습니다,2019.04.19 09:12,None
청바지,글쎄요 가격 싸다만 마감 엉망 이에요 소 가죽 이란 빼곤 메리트 를 못 느끼겠어요 실물 도 이쁨,2019.04.19 03:59,price
청바지,허리 정돈 맞습니다 기본 템 구 매 거 같습니다,2019.04.19 02:59,None
청바지,벨트 적당히 두꺼운 편이 고 가죽 도 가격 비해 나쁘지 않네,2019.04.19 02:39,price
청바지,저 허리 사이즈 거나 이하 인데 사이즈 세번 째 칸 쯤 넣었던 같아요 디자인 겉 보이기 용 괜찮은 거 같아요 너무 투머 치도 아니고 심플 적당한 느낌 이에요,2019.04.19 02:11,size
청바지,일리 착용 하기 좋습니다 스텐 벨트 째 구매 인데 만족스럽네요,2019.04.19 01:47,None
청바지,좋습니다 그냥 무난 하게 어는 바지 에나 어울립니다,2019.04.18 13:12,None
청바지,가격 대비 가죽 밸트 좋은 같아요 없으시면 사시 도 나쁘지 않을 같습니다,2019.04.18 17:52,price
청바지,길이 딱 적당하고 튼튼해 보이네요 만족합니다,2019.04.18 19:33,size
청바지,기 본기 충실한 밸트네 요 강 추합니다 사세요 굳,2019.04.18 19:27,None
청바지,조금 버클 크고 굵어서 의외로 투 박해 편하고 좋습니다,2019.04.18 19:21,None
청바지,별 기대 샀는데 너무 튼튼하고 디자인 도 이뻐용,2019.04.17 14:51,None
청바지,어디 매치 하기 좋은 벨트 입니다 많이 착용 할것 같아요,2019.04.17 01:19,None
청바지,쉽게 쓰고 막 쓰는 전투 용 벨트 입니다 역시 페이 탈 리즘,2019.04.16 22:08,None
청바지,디자인 만 그럭저럭 이지 손 닿는 느낌 어느 명품 부럽지가 않다 진심 굿,2019.04.16 21:39,None
청바지,얇진 않았고 버클 굵기가 두께 감 있어요,2019.04.16 20:22,None
청바지,가성 비 짱 이에요 디자인 무난 재질 도 괜찮아서 아무 바지 에나 입어도 돼요,2019.04.16 18:33,None
청바지,검정 벨트 면 진짜 가성 비 벨트 인 듯 네 요,2019.04.16 17:48,None
청바지,심플 튼튼하고 좋아요 가성 비 괜찮아요 기본 벨트 추천,2019.04.16 17:32,None
청바지,가격 딱 맞는 벨트 입니다 그냥 무난 하게 차고 다닙니다,2019.04.16 06:47,size
청바지,살짝 갈라져 보이는거 빼면 대충 입기에는 좋은 듯 합 니 퀄리티 딱 가격 에요,2019.04.15 23:19,price
청바지,제 라서 그런지 벨트 길이 애매하게 남네요,2019.04.15 22:22,None
청바지,기본 벨트 최고 입니다 디자인 도 무난 벨트 사이즈 도 딱 맞습니다,2019.04.15 20:00,size
청바지,가죽 벨트 이정 도 가격 이면 가성 비 매우 훌륭한것 같습니다,2019.04.15 19:52,price
청바지,정말 벨트 상위 권 이라고 해요 가성 비 좋고 버클 디자인 도 좋은데 가죽 부분 살짝 헐겁네요 ㅠ 아무튼 정말 쓰고 있습니다,2019.04.15 19:32,None
청바지,질 좋아요 허리 인치 인데 사이즈 아쉽네요 ㅠ 구멍 만 더있 더라면 ㅠ,2019.04.15 16:06,size
청바지,이정 도 가격 가죽 벨트 이정 도 퀄리티 를 뽑아 낸다는게 신기하네요,2019.04.15 12:27,price
청바지,딱 가성 비 좋네요 무난 무난 합니다 넘 크지도 않고,2019.04.18 00:15,size
청바지,별 기대 없이 샀다가 완전 만족하고 매일 차고 나갑니다 분들 얼른 사시길,2019.04.14 23:44,None
청바지,벨트 거만 계속 차고 다녀요 기 본 벨트 진짜 만족도 높 습,2019.04.14 23:12,None
청바지,퀄리티 도 좋고 가격 대비 진짜 잘나온것 같아요 사용 할게요,2019.04.14 22:48,price
청바지,그냥 무난 합니다 가격 대비 막 어 ㅊㅁ 청 좋은 퀄리티 기대하면 안될듯,2019.04.14 22:20,price
청바지,허리 얇아서 웬만한 벨트 맞는데 거 벨트 사이즈 있어서 골 라서 살수있어서 좋음,2019.04.14 22:10,size
청바지,디자인 도 무난 아주 좋음 기장 도 만족스럽습니다,2019.04.14 20:53,None
청바지,사이즈 딱 맞네요 허리 대략 인데 맨 마지막 구멍 끼우면 딱 저스트 입니다,2019.04.14 20:36,size
청바지,확실히 무난 좋은 거 같아요 조금 큰긴 했지만 그래도 깔끔해요,2019.04.14 16:11,None
청바지,많이 사는데는 이유 있네요 여태 구매 벨트 가장 마음 듭니 다,2019.04.14 09:54,None
청바지,원하는 허리 사이즈 맞게 벨트 와서 너무 좋습니다,2019.04.14 03:30,size
청바지,가성 비 좋은 거 같아요 다만 사이즈 살짝 아쉬운거말고는 매우 만족 입니당,2019.04.14 01:07,size
청바지,아주 무난 하며 길이 도 적당하고 튼튼해 여서 좋아요,2019.04.14 00:47,None
청바지,가격 도 저렴하고 사이즈 도 제 원하는 딱 오네여,2019.04.13 11:48,size
청바지,진짜 가성 비 괜찮은 재질 까진 쓰고 있는데 일반 사기 사이즈 작아 무조건 큰거 사 는걸 추천,2019.04.13 08:40,size
청바지,슬랙스 메기 좋은 같아요 벨트 없으면 기본 추천 합니다,2019.04.13 03:07,None
청바지,제 했던 퀄리티 좋습니다 저 가격 퀄리티 면 정말 땡큐 베리 감사,2019.04.13 01:24,price
청바지,믿고 쓰는 무탠 제품 입니다 인데 사이즈 딱 맞습니다 길이 수선 도 하고요 쓸게요,2019.04.12 23:57,size
청바지,벨트 싸고 허리 라시 켰는데 마지막 칸 잠겨요 ㅎㄷㄷ 나중 구멍 뚫어야 할 듯 사이즈 참고 하세용,2019.04.12 23:54,size
청바지,가격 보면서 반신반의 하면서 샀는데 가성 비 완전 좋아요,2019.04.12 20:25,price
청바지,가성 비 좋고 길이 도 적당해서 착용 하기 딱이네요,2019.04.12 20:11,None
청바지,몇번 입지 도 않았는데 주름 잡히네요 이쁘 기는 합니다,2019.04.12 18:00,None
청바지,디자인 도 좋고 가장 무난 하면서 이쁘네요 착용 감도 좋고 편해요,2019.04.12 16:28,None
청바지,쇠 둥그스름해 아무 대 매치 하기 쉽고 주름 이쁘게 집니다,2019.04.12 10:26,None
청바지,가격 이정 도 퀄리티 넘 만족합니다 색도 구매 예정,2019.04.11 18:56,price
청바지,기본 청바지 슬랙스 사용 할 벨트 찾다가 주문 했는데 범용 사용 하기 좋아요,2019.04.11 16:26,None
청바지,좋아요 가죽 도 짱짱하고 지난번 샀었는데 좋아서 샀어요,2019.04.11 13:37,None
청바지,벨트 조금 짧네요 추천 드려요 모양 심플 나쁘지 않음,2019.04.11 13:35,None
청바지,튼튼해 고 좋아요 오래 쓸수 잇을것 같은 느낌 이듭,2019.04.11 09:27,None
청바지,허리 되는데 허리띠 도 헐겁습니다 결국 안쪽 직접 구멍 뚫어서 착용 있습니다,2019.04.11 01:24,None
청바지,너무 작네요 맞는 칸 있어서 다행 이긴한데 걸,2019.04.10 22:36,None
청바지,걍 기본 벨트 암 차도 이뻐요 가성 비 좋습니다,2019.04.10 21:04,None
청바지,벨트 필요해서 샀는데 너무 좋아서 매일 착용 해요,2019.04.10 20:32,None
청바지,원래 유니 네 쓰다가 불편 바꿔 봤는데 디자인 도 예쁘게 나왔구 가죽 도 탄탄해요 허리 얇아서 사이즈 갔는데 딱 맞아요,2019.04.10 20:28,size
청바지,가격 도 저렴하고 질도 괜찮습니다 사이즈 도 물론 괜찮구요,2019.04.10 19:09,size
청바지,무난 세련되고 튀지 않아 좋아요 딱 원하던거,2019.04.10 19:08,size
청바지,그냥 무난 무난 가성 비 좋은 벨트 입니다 못 자르게 돼있어서 구멍 뚫어서 사용 했네요,2019.04.10 18:54,None
청바지,검정 실버 샀어요 두께 도 적당하고 실버 가죽 색 이랑 어울리네요,2019.04.10 17:25,None
청바지,사이즈 용도 떨어짐 라 길 구매 했는데 반 팔 넣고 제일 끝 구멍 꽉 쪼여도 남음 필자 허벅지 괴물 체형 허벅지 맞춤 바지 싸이 즈 허리 맞춤,2019.04.10 16:47,size
청바지,적당한 가격 제품 품질 도 괜찮 네 여 미니 멀하게 쓰기 좋은 듯,2019.04.10 16:44,price
청바지,오디 어울리고 기본 코디 잘맞아요 ㅎㄹ 필요했는데 좋네요,2019.04.10 15:47,None
청바지,제 주변 벨트 필요하다고 했던 있어서 선물 해줬는데 정말 좋아해요,2019.04.10 14:49,None
청바지,가장 므 난무 난하고요 바지 입 할 도 편합니다 ㅎㅎ 많이 파세 융,2019.04.10 14:00,None
청바지,튼튼하고 심플 멋 있네요 아직 얼마 써 봤지만 크게 만족하고 잇습니다 감사합니당,2019.04.10 12:12,price
청바지,전반 큰 느낌이있어서 일자핏 입으려고요 ㅎㅎ 예뻐요,2019.01.10 12:49,size
청바지,사이즈 도 잘맞고 무난 하게 입기 좋아요 별 개인 이유 입은 첫날 꼬챙이 걸려서 실 다 끊어졌네요 조심 들하셈,2018.08.15 11:36,size
청바지,인데 허벅지 너무 껴요 ㅠㅠ 기장 조금 짧네요 그냥 전체 작은거 같아요,2018.01.16 16:37,None
청바지,근데 진짜 싼게 비지 떡 요 이러니 세 을 그렇게 많이 거 같은데 바지 품질 비 하면 세 가도 비싼거 같아요,2019.04.03 00:02,None
청바지,소재 와 디자인 좋아요 다만 사이즈 작게 나온듯 많이,2019.04.02 06:58,size
청바지,옷핏 디자인 되게 잘나온거 같은데 재질 조금 ㅠㅠㅠ,2019.04.04 21:09,None
청바지,사이 즈 표 대로 주문 해서 클까봐 걱정 했는데 작아요 많이 치수 이상 크게 주문 하시길,2019.03.30 00:26,size
청바지,가격 대비 별로 평이 좋아서 산건데 느낌,2019.03.07 00:44,price
청바지,그냥 저 냥 임시 쓰기 괜찮은 거 같습니다 임시 용,2019.03.01 02:08,None
청바지,진짜 가죽 ㅇ 라 해서 기대 컸어요 그래서 그런지 받아 보니 그냥 가격 맞는 벨트 입니다 아마 오래 못 쓸 ㄴ 요,2019.02.27 12:16,price
청바지,벨트 사이즈 를 조절 할수 잇는 구멍 몇개 없는데 폭 을 늘려주시면 구매 하기에 편할 같습니다,2019.02.19 23:22,size
청바지,인데 사이즈 크고 벨트 재질 도 뻣뻣해요,2019.02.09 16:39,size
청바지,큰 기대는 안햇 역시 몇번 쓰고나니까 가죽 막 상,2019.02.02 13:08,size
청바지,바지 이쁜데 처음 사이즈 커서 교환 했는데 택배 가져가는것만 넘게 걸리고 오는데 주정 도 걸린것 같네요 이럴줄 알았으면 걍 우체국 택배 편의점 보낼 걸 그랬어요,2018.09.10 11:07,size
청바지,싼 맛 시켯더 니 질 너무 안좋 네 여 ㅠ 주름 도 진짜 잡히고 밑 위도 너무 길어서 이상하고 특히 반바지 밑 끝 부분 가로 벌어져서 핏 되게 이상하게 나오네여 ㅠ,2018.08.31 17:13,size
청바지,가격 싸고 이어서 구매 를 했습니다 핏 도 괜찮고 색감 도 괜찮네요 근데 구겨지는 감 없지 않네요,2018.08.15 21:32,size
청바지,너무 싼마이 상품 제품 특성 상 재질 도 좋고 사이즈 도 잘맞고 색감 도 좋습니다 완전 강추 입니다 꼭 구매 하세요 사이즈 정사 이즈 구입 하세요 완전 만족합니다,2018.07.26 15:31,size
청바지,통 저가 원하는 통 아닙니디 길이 도 마찬가지 구 요 다리 조금 짧으신 분 입기에는 부담 입니다,2018.07.20 17:09,None
청바지,되게 재질 별로 음 사은 품 선글라스 진짜 별로 얘 장난감 선글라스 같음,2018.07.07 20:08,None
청바지,사이즈 시켰는데 뭔가 바지 큽니다 플러스 이라서 산건데 바지 큰 같아요 제 키 작은 탓 인가요 암튼 예쁜데 커요 약간 후회 입니다 바,2018.06.28 15:45,size
청바지,택배 시 놨다 고 하시던데 옥상 가보니 없었음 그래서 후기 작성 못 합니다 입어본 없음,2018.06.18 21:40,None
청바지,솔직히 반품 하려고 했는데 이미 상표 도 뜯었고 배송비 도 아깝고 도 걸리고 해서 입을려고요 아쉽네요 ㅠㅠ,2018.06.01 21:27,None
청바지,그래서 자동 배 바지 입게 되네요 두셔요,2018.05.23 22:14,None
청바지,랭킹 높게 올라와서 반바지 사면 좋겟다싶어 플 구매 해봤습니다 블랙 한장 브라운 한장 구매 했는데 후기 에도 있듯이 구김 좀있는데 아무래도 브라운 그게 좀더 심하게 보입니다,2018.05.21 15:34,None
청바지,싼 이유 있다고 할까 바지 별로 이쁘네요 이쁘게 딱 떨어지고 양 옆 벌어진 느낌 입니다,2018.05.09 16:56,size
청바지,기 본 티 입으니 관찮네 요 운동 할 입어도 될듯 소재 라 편합니다 추천,2017.06.27 11:17,None
청바지,소재 수영복 같아요 마 실용 걍 입어야 될듯 허벅지 도 좁으니까 감안 하시고 걍 보고 사신다면 사시는게 나을듯,2017.05.16 01:13,None
청바지,입고 나가기도 찢어져서 회 용이 부르 기도 어렵겠지만 그냥 돈 갖다 버렸네요 너무 얇아서 그냥 청테이프 수준 입니다 걸 돈 주고 팔면 도 메스,2018.05.24 18:39,None
청바지,처음 샀을 핏 도 괜찮고 색감 도 마음 들어서 구 매 확정 뒤 세탁 해보니 종아리 통 늘어나서 보기 싫은 핏 되엇 네 요 결국 서 바지 샀습니다,2017.06.11 10:51,size
청바지,제 다리 두꺼운 편인데도 통 너무 많이 크네요 기장 도 길고,2016.10.21 23:15,None
청바지,사이즈 정확하게 안보 고 샀더니 핏 원하던건 아니었지만 편해서 그냥 저 냥 입어요 근데 입다 보면 무릎 많이 나와서 웃겨요 ㅎㅎ 통 매우 넓어서 편하긴한데 뚱뚱해 보여요,2016.07.04 02:27,size
청바지,허리 이라고 샀는데 싼값 샀더니 별로 네 요 반품 하기는 귀찮고 크게 나와서 실망 요 핏 도 어정쩡하고,2016.04.24 00:55,size
청바지,질도 그냥 보세 청바지 사이즈 추천 받아서 샀는데 누나 줘 버렸습니다,2019.03.10 22:07,size
청바지,옷 자체 감 색깔 디스 모두 좋아요 근데 사이즈 너무 크게 나왔어요 똑바로 해주세요,2018.11.07 20:15,size
청바지,인데 다리 많이 길고 핏 이쁘게 나오네요 ㅠㅠ,2019.04.04 15:17,size
청바지,제 키 작아서 그냥 길이 잘라서 입으면 괜찮겠지하고 샀는데 일단 재질 자체 스판 도 없어요 엄청 빳빳 잘라도 핏 어정쩡할 같아서 사놓고 쳐 박아 뒀아요 ㅠㅠ 이건 제,2019.03.16 19:00,size
청바지,무근 검은색 청색 이랑 기자 이랑 통 느낌 이내 요 둘다 삿는데 검정 별로,2019.03.15 19:27,None
청바지,정말 훨씬 큽니다 평소 자기 사이즈 보다는 크고 작게 주문 면 끼네요,2019.03.03 20:48,size
청바지,통 너무 커요 샀는데도 통 너무 큽니단 ㅠㅠ,2019.02.25 04:11,size
청바지,가격 대 저렴한데 이염 심하고 인데 뭔가 세탁 하면 줄어들어서 스키 니 될것 같네요,2019.02.16 12:37,price
청바지,많이 큽니다 길기도 길고 통 도 너무 커요 사이즈 보고 사야 할듯,2019.02.13 10:59,size
청바지,인데 을 시켰는데 완전 큼 여러분 하는 데님핏 을 하면 안됨 줘야겠다,2019.02.09 12:49,None
청바지,사이즈 크네요 ㅠ 색도 검은색 인 알았는데 약간 남색 ㅠ,2019.02.08 16:38,color
청바지,갑자기 재질 안좋아지고 사진 대로는 진짜 절대 나올거 같아요,2019.02.07 22:35,None
청바지,도 옷 이라고 판매 하나요 환불 귀찮아서 합니다 에스 믿고 거릅니 다,2019.01.31 13:41,None
청바지,그렇게 좋지도 않고 너무 무거워 요 핏 도 나오고,2018.12.15 20:32,size
청바지,라 샀는데 주먹 들어가네요 제 상체 특히 허리 날씬 거든요 교환 하려다 수선하거나 누구 주려구요 핏자체 라인 이쁜데 재질 자체 빳빳해 서 기대이,2018.12.15 18:41,None
청바지,색감 기 대 이하 아쉽지만 다음 이쁜 걸,2018.12.07 16:28,None
청바지,바지 색감 괜찮은데 어쩜 이렇게 큰지 을 위해 만든거 같은 느낌,2018.12.01 14:50,None
청바지,사이즈 못 왔네요 친구 주긴 했는데 이불 온줄 알았네요,2018.10.28 10:01,size
청바지,색감 별로 구 요 사진 이랑 다릅니다 냄새 심하게 납니다,2018.09.19 00:19,None
청바지,물티슈 닦는데 물이 빠지네요 물 빠짐 빼곤 핏 도 괜찮고 와이드 도 이뻐용,2018.03.16 12:24,size
청바지,바지 시큼한 냄새 바지 많이 삿는데 냄새 처음 요 별로 에요 바지 재질 도 별로 같아요,2017.11.09 02:24,None
청바지,입은지 하루 무릎 발사 됬네요 무릎 을 심하게 굽히거나 하지 않고 의자 앉는 입었는데 하루 무릎 튀어나오네요,2017.03.07 21:32,None
청바지,옷 이뻐요 받아 보고 바로 담날 입고 돌아 댕 겼죠 하지만 입고나서 다음 날 알았죠 레이어 드 했던 흰 티 안쪽 뒷 부분 다 파란색 되어 버린 걸 발견 했죠 무슨 물감 도 아니고 입고,2017.03.04 10:08,None
청바지,너무 크길래 교환 했는데 왤케작은 아니면 배송 을 못 보내신 건지 배송비 만 날렸네,2017.03.01 01:21,None
청바지,원래 바지 입는데 작게 나왔음 끼니 진 싼게 비지 떡 요,2019.02.09 22:00,None
청바지,실 사이즈 를 보고 구매 했음에도 너무 너무 크게 나와서 매우 실망했음 배송 못 된것이 아닌지 의심 할 바지 매우 커서 아저씨 바지 보임 진 자체 퀄리티 보통 급,2015.12.08 23:02,size
청바지,뚱띵 아저씨 입으면 이쁠거 같아요 저 같은 말라 꺵 크네요 ㅠㅠㅠ 사놓고 바지 입고 다니는,2015.10.25 16:26,None
청바지,있던 색상 과 다르네요 약간 실망했습니다,2019.03.06 00:58,None
청바지,별로 좋은 디자인 아닙니다 사진 이랑은 다르네요,2019.02.10 11:19,None
청바지,핏 이며 질감 이며 기장 이며 정말 완벽합니다 근데 물 빠짐이 정말 엄청나네요 하루 입고 벗어 보니 물이 안든 곳 없습니다 심지어 팬티 를 뚫고 엉덩이 물들이네요 아무리 동,2016.12.15 23:19,size
청바지,저 도 참 다리 얇은 편 인데 제 다리 들어갈 몉 진짜 허리 엄청 커요 다리 통 비 해서 저 모델 분 맞게 제작 맞춤 바지 인 가봐요 개인 인 의견 으로는 정말 비추 해 요,2019.03.10 00:18,size
청바지,색감 아보 여서 샀는데 화면 다르구요 하루 만 입어도 무릎 발사 장난 아니네요 비추 합니다,2019.02.14 14:25,None
청바지,사진 보기 에도 밑단 커 보이긴 했는데 막상 입어보니 테이 퍼드 아니라 거의 와이드 수준 입니다 참고 해서 사 배송 개별 에요 웬만하면 한진택배 이용 하는 곳,2019.01.17 20:08,None
청바지,입으면 사이즈 업 추천 입으면 사이즈 추천 진짜 타이트 불편한 바지,2019.02.26 21:22,size
청바지,입는 청바지 인치 벨트 매는데 정말 음순 간 사이즈 잘못 배송 그냥 동생 주는 걸,2019.02.23 02:32,size
청바지,싸 서구매 했지만 허벅지 위 디스 부분 팬티 보이네요 그래서 입기 되는것 같아요 걸 만 빼면 편합니다 가끔 입을것 같네요,2018.09.28 01:38,None
청바지,예쁘긴 옷 재질 별로 여서 찢어진 부분 한없이 찢어질것 같고 아쉽 네 여,2018.09.20 11:44,None
청바지,다만 제 거 주머니 부위 쪽 을 찢어 놔서 주머니 뭘 넣으면 구멍 밖 삐져나오네요,2017.06.15 11:51,None
청바지,통 너 무크 고 밑위 너무 길어서 핏 구림 사이즈 작게 사야할읏,2016.09.07 03:27,size
청바지,사이즈 허리 엄청 크고 기장 기장대로 짧고 밑위 엄청남네요 데미지 인 곳도 심지 엄청 빨리 빠집니다 그냥 가격 가격 이하임 싼 맛 샀는데 그냥 치킨 먹는게 나을 준건 색,2016.07.20 21:29,price
청바지,긴가민가하면서 구입 했는데 만족스럽네요 클리어 런스 할인 아니더라도 꽤 만족했을 같아요 톤 도 예쁘고 입었을 도 부담 스럽지 않아요,2019.05.16 10:12,None
청바지,친구 줄려고 샀는데 여친 되었네요 ㅋㅋ 큐 봄 입기 좋은 색 입니다 굿굿,2018.03.07 13:29,None
청바지,싸서 구입 했는데 예상외 괜찮네요 힙 작은데 크면 섹시해 보이겠어요,2018.02.01 23:23,None
청바지,화면 이랑 똑같은데 색 되게 눈 들어오네여 겨울 샀지만 여름 많이 입을거 같은 색,2018.01.29 03:51,None
청바지,이건 색상 밝아서 까말까 고민 하다 샀는데 사길 듯 요 ㅎㅎ 여름 입으면 시원 해보이고 좋겠어요 만족스러워요,2018.01.23 21:25,None
청바지,세 스완 진 산옷 맘 들어서 찾다가 산건데 도 맘에듭니 다 먼저 샀던거보다 스판기 덜하네요,2018.02.01 23:25,None
청바지,조금 헐렁하긴한데 이거슨 제 사이즈 를 잘못 선택 했기 입니다 근데 낙하 게 입어도 괜찮아여 되게 되게 편하고 예쁩니다 색상 화면 과 거의 똑같고 고무줄 돼 있어서 편합니다,2018.01.23 06:30,size
청바지,큰 기대는 했고 저렴해서 구매 했는데 완전 편하고 이쁩니다 가격 품질 면 거저 해요 많이 파세요,2018.01.18 02:46,price
청바지,얇고 재질 별로 네 요 그냥 싼 맛 구매 해서 입네요,2017.12.28 15:36,price
청바지,나름 괜찮아요 스타일 처음 사보는데 스판끼 있진 않네요 그래도 입을만 합니당,2018.07.11 10:20,None
청바지,일단 저렴하게 샀네요 핏 도 맘 들고요 넘 편하구 좋아요 입을께요,2018.02.17 10:30,size
청바지,기모 적당히 있어 활동 큰 불편함이 없다네요 좋은 가격 괜찮은 제품 사서 마누라 좋아합니다,2018.02.01 17:33,price
청바지,엄청 두껍지는 않지만 나름 따뜻하고 습 기본 진 이라서 곳 저 곳 매치 해서 입을수 있을것 같아요 핏 도 이뻐요 많이 파세요,2018.01.18 02:59,size
청바지,보들보들 느낌 좋고 입었을 편해요 도톰해서 겨울 입고 다니기 좋아용,2018.01.16 17:40,None
청바지,기모 라 따뜻해서 좋네요 단추 부분 너무 뻑뻑 해서 잠글 때애 먹었지만 ㅜㅜ,2018.01.11 14:20,None
청바지,좋아요 아주 좋아요 바지 가격 재질 을 살수 있다는게 신기할 에요 ㅋㅋ 매우 추천 드려요 ㅋㅋ 금방 품절 될듯 ㅎㅎ,2017.12.24 14:21,price
청바지,두께 도 괜찮고 촉감 도 굉장히 좋습니다 근데 안쪽 기 몬줄 알았는데 바깥쪽 기모 라 조금 당황 했어요 그래도 핏 같은것도 예뻐서 자주 입을거 같아요 ㅎㅎ,2017.12.26 13:12,size
청바지,입는 딸아이 라 스몰 싸이 즈 구매 했어요 힙 맞는데 허리 인용 이내 요 ㅠㅠ,2019.05.13 15:08,None
청바지,사이즈 도 딱 맞고 색감 도 너무 맘 들어요 나중 재구매 하려구요,2018.04.19 23:19,size
청바지,엄마 사드 리 고 이모 도 사 드렸습니다 가성 비 완전 좋네요 이쁜거 싸게 산거 같아서 기분 좋습니다,2018.04.15 00:55,None
청바지,만원 도 안되게 샀는데 바지 색깔 이쁘고 사이즈 딱이에요 존,2018.01.24 17:42,size
청바지,핏 진짜 예뻐요 기모 있는 바지 찾다가 산건데 싸게 예쁜거 샀어요,2017.11.30 20:33,size
청바지,여기 바지 할인 할 마다 고민 했는데 다신 고민 할거 같다 싼 가격 이유 있다 나름 스완 진 기대했는데 스완 진 구매 할 없을것 같다,2018.02.10 21:22,price
청바지,엄마 선물 드렸는데 사이즈 도 맞고 편하시 대요 입을게요,2018.01.17 01:34,size
청바지,질도 좋고 가격 도 좋고 상당히 만족 스럽게 받았네요 좋아요 ㅋㅋ 분들 도 받아 보시 면 같은 마음 이실 거 같아요 ㅎㅎ,2017.12.24 14:20,price
청바지,상품 도 좋고 배송 도 빨랐어요 할인 가격 사서 습,2017.12.16 20:35,price
청바지,너무 예쁘고 좋아서 사서 친구 줬습니다 진짜 괜찮은 바지 에요,2019.05.14 11:10,None
청바지,가격 퀄리티 핏 을 가진 반바지 를 찾는건 불가능 핢거 같습니다 그만큼 너무 만족하고 맘 에드 네 요 얼른 사시길 바랍니다,2019.05.14 11:05,size
청바지,가성 비 두께 사이즈 핏 다 너무 맘 듭니 다 다음 에도 반바지 살것 같아요,2019.05.14 09:50,size
청바지,저렴하고 좋은 퀄리티 만족하였습니다 입을께요,2019.05.13 14:28,None
청바지,제 좋아하는 핏입니 다 통 크고 길이 짧고 밑위 긴거 좋아라 해서 간만 세탁소 맡긴 반바지,2019.05.09 22:30,None
청바지,싼 가격 갠 춘한 핏 을 찾아서 네 여 여름 티셔츠 입을거라 사이즈 크게 갔슴다,2019.05.07 20:15,size
청바지,그냥 저 냥 입겠네요 딱 가격 하는듯 합니다 흠,2019.04.16 12:13,price
청바지,길이 딱 제 원하던 길이 고 폼 도 좋아요 입겠습니다,2019.04.10 14:23,size
청바지,누즈할줄 고 구매 했는데 딱 맞네요 딱 맞는거 빼고는 가성 비 갑이네요,2019.04.02 15:03,size
청바지,세 일해 서 싸게 샀네요 핏 도 괜찮고 편하게 입을것 같아요,2019.03.26 22:55,size
청바지,싸게잘 샀습니다 키로 사 즈 적당,2019.03.16 12:25,None
청바지,좋은 옷 좋은 가격 산것 같아요 여름 많이 입 을 거 같아요,2019.03.11 19:53,price
청바지,허리 딱 맞고 통 도 널널 합니다 예쁜데 편하기까지 해서 아주 마음 듭니 다,2019.02.11 12:30,size
청바지,하체 비만 분 엉덩이 낄 있어요 물론 제 얘 깁니다,2019.02.09 00:45,None
청바지,저렴한 가격 이쁘 옷 빠른 배송 받아서 감사합니다,2019.01.20 21:17,price
청바지,여름 입을려고 샀어요 여름 을 위해 미리 구입 하기 기분 좋아요,2019.01.17 15:23,None
청바지,아주 좋은 제품 을 아주 좋은 가격 구입 했습니다,2019.01.12 08:36,price
청바지,기장 넘 짧지 않고 타이 트 않은 청 반바지 입고 싶어서 클 라이언스 세 훅 들어갔길래 색상 모두 구매 요 허리 입는 인데 저 허리 살이 있는 편이 라 살짝 낙하 니,2019.01.04 20:06,None
청바지,싸서 샀는데 좋네요 바지 실 튀어나와있었는데 그거 자르니까 티 별로 안나 서 입으려 구 요,2019.01.04 15:20,None
청바지,핏 도 좋고 구 장창 입고있어요 요즘 더워서 긴 바지 도 못 입 갰는데 너무 입고있어요,2018.08.08 01:39,size
청바지,색 교환 부탁 했는데 빠른 처리 해주시 고 감사 드려요 길이 도 맘 들고 좋은데 받자마자 입었는데 단추 뚝 그냥 단추 달어서 입었네요,2018.08.03 19:43,None
청바지,연 청 샀다가 사이즈 작은듯 해서 진청 재구매 했는데 딱좋네요 가격 도 너무 싸고 가격 대비 괜찮습니다,2018.07.10 22:36,price
청바지,작아서 입어보지 못 했지만 괜찮은 같아요 사이즈 만 괜찮으면 좋을듯,2019.03.13 01:50,size
청바지,좋습니다 색도 이쁘고 편하게 입을라고 샀는데 자주 입네여,2019.01.10 23:23,None
청바지,바지 나쁘지 않습니다 가성 비 사이즈 많이 작아서 마른 친구 줬습니다 바지 좋아요,2019.01.08 12:45,size
청바지,스판 이라 입기도 편하고 라인 도 잘빠져서 보기 좋네요,2019.01.07 09:10,None
청바지,좋네요 사이즈 도 딱 맞고 색감 도 너무 마음 들구요 신축 성도 있어서 편안한게 정말 만족스럽니다,2019.01.04 11:42,size
청바지,색감 도 좋고 일단 재질 좋은 같아요 가격 이득,2019.01.03 10:40,price
청바지,스키 니 핏 자체 입니다 그냥 스키 니 스키 니 ㅜㅜ,2018.12.28 22:42,size
청바지,사이즈 랑 비슷한거 같아요 스판덳 있어서 편하긴 합니다,2018.12.23 02:09,size
청바지,딱 제 원하던 핏 이라 정말 너무 행복하고 습 너무 핏하 않고 적당한 핏 이라 옷 입었을 너무 만족스럽네요 요즘 맨날 입고 다녀요 최고 최고,2018.12.10 12:55,size
청바지,데님 팬츠 한두 벌 있지만 가격 퀄리티 면 안사면 손해 ㅋㅋㅋㅋ 사장 님 착한 가격 나이스 번창 하세요,2018.12.10 05:15,price
청바지,구 매 햇 어 요 허리 크게 나온듯 허리띠 매고 입는,2018.12.02 02:34,None
청바지,가격 대비 질 괜찮은 편이 고 색상 잘빠져서 맘에듭니 다 기준 허리 입으시는 분 이면 무난 하게 입으십니다,2018.11.07 20:06,price
청바지,싼 가격 입기 무난 입고 다니겠습니다 ㅎㅎ,2018.10.31 01:14,price
청바지,그냥 무난 적당하다 라는 딱인것 같습니다 본사 처리 능력 떨어지고 업무 를 귀찮아하는 태도 느껴져서 기분 그닥 좋진 않았습니다,2018.10.17 15:23,None
청바지,바지 너무 이쁘나 사이즈 너무 작아서 맞는 친구 를 줬는데 마음 들어하니 다행 요 사이즈 표 수정 해주세요 ㅜㅜ,2018.10.16 11:54,size
청바지,면 어떻게 될진 모르겠지만 좋습니다 무서워서 흰 옷 이랑은 입어봤는데 이염 듯,2018.10.13 11:05,None
청바지,싸게 구입 거 같네요 입을게요 기장 조금 길 무난 하게 입 을 만해 요,2018.10.12 03:25,None
청바지,배송 차질 생겨 오래 걸렸지만 옷 이쁩니다 겨울 입 기기 얇을것 같습니다,2018.10.11 17:02,None
청바지,그냥 무난 데님 인 같고요 상세 컷 컬러 감이구 저 한번 접어서 입었어요,2018.09.22 19:45,None
청바지,딱 가격 인 같습니다 이상 분들 추천 드립니다,2018.09.19 00:31,price
청바지,가성 비 가장 좋은 청바지 인 같네요 정말 깔끔한 디자인 착용 감도 편해서 좋아요,2018.09.04 23:01,None
청바지,좋아용 이유 싸니까 무릎 근 러워 서 손톱 긁었는데 손톱 파래졌어용 ㅎㅎ 비 맞으면 난리 나겟네요,2018.08.29 18:21,None
청바지,바지 핏 딱 그냥 정 사이즈 살짝 슬림핏 가까운 같기도 스판 있는지는 모르겠어요 그래도 색 두께 길이 다 마음 들고 무엇 가격 비해 좋아요,2018.08.21 19:15,price
청바지,색 청바지 사려 고 했는데 안팔 도라구요 ㅠㅠ 그래서 무신 사 주문 했는데 사이즈 딱 맞고 색도 이뻐요,2018.07.27 21:57,size
청바지,약간 롤업 해서 입구다니고 있구요 무난 하니 딱 기 본 템 입니다 아무 입어도 어울리고 신발 도 웬만한건 다 무난 무난 게 어울려요,2018.07.15 13:05,size
청바지,매우 좋아요 ㅋㅋ 옷 도 재질 도 가격 도 빠짐 없이 마음 에드 네 요 ㅋㅋ 추천 추천 추천 대박 아이템 용 ㅋㅋㅋ,2017.12.24 14:22,price
청바지,옷 핏 도 이쁘고 색도 예뻐요 근데 발목 쪽 너무 좁아서 벗 을 발 빼기 너무 힘들어요 제 발 작은 편이 아니라 모르겠는데 입고 벗 을 발 넣고 빼기 너무 힘드네,2017.12.26 13:14,size
청바지,모니터 색 과 색 같아 보여요 아직 입어보진 않았지만,2019.05.04 20:54,None
청바지,색깔 연하네요 좀더 진햇 면 아쉬움,2018.10.22 23:20,None
청바지,착용 감 굿 너무 좋아요 편하고 다음 나오면 질러줘야지,2018.10.10 10:44,None
청바지,싸이 즈 정 싸이 즈 고 세 할 잘산거 같아요 이뻐요 많이 파세요,2018.10.05 14:18,None
청바지,그냥 그랬어요 실물 사진 예쁘진 않아요 ㅠㅠ,2018.09.27 00:33,None
청바지,허리 사이즈 비해 많이 남는거 빼고는 다 괜찮네요 블랙 블랙 해서 입으면 깬 지납니다,2018.09.25 18:34,size
청바지,저 슬림 핏 절대 나오네요 옷 재질 과 색감 마음 들어요 밝 은색 이지만 은근 옷 과 어울려요,2018.08.29 05:45,color
청바지,제품 재질 도 튼튼하고 좋고 유니크 디자인 도 마음 들고 만족스럽네요 여름 동안 활용 할거 같아요 강추,2018.08.13 00:27,None
청바지,바지 짧은 거 좋아하는 비추 길이 짧음 라인 포인트 들어가 있어서 여기저기 코디 하기 무난 접지 않았을 밑단 거친 마감 되어있음,2018.08.10 00:32,None
청바지,블랙 이라고 해서 진한 색 아닌가 같아요 ㅎ 키링 같은거 받고싶었는데 왔더라구요 다 주는건 아닌가싶어서 그러려니 합니다 하하,2018.08.07 21:28,None
청바지,언 아웃 핏 셔츠 어울리네요 밋밋하지 않고 흔하지 않아서 좋으네요,2018.07.29 15:11,size
청바지,바지 옆 선 예뻐요 색 하고도 어울리고 포인트 주기 좋은 옷 이에요 ㅎ 강추,2018.07.26 03:08,None
청바지,저 같은 믄 여름 반바지 입으면 편하긴한데 예의 아닌거 같아서 안사 입었였는데 이렇게 편하 다미 어차피 한번 사는 인생 그냥 시원하게 갈려고요 겨름 에도 입을만한 아주 좋은 바지 싸게,2018.07.19 17:35,None
청바지,바지 디자인 이뻐서 색상 별로 구입 해보았습니다 사이즈 주문 했는데 평소 바지 사이즈 입는 저 에게는 허리 만 조금 컸고요 기장 도 무난 바지 이쁩니다,2018.07.17 05:26,size
청바지,쫌 헐렁하고 허리 커서 사이즈 교환 할까 입니다 색 밝은 검 은회색 이에요 옷 이뻐요 실 확 작아져서 전화 해보고 교환 선집 가서 줄여 입을려 구 요,2018.07.14 10:06,size
청바지,사이즈 작아요 루즈 스타일 을 좋아하는데 교환 하기 귀찮아서 그냥 딱 맞게 입으려 구 요,2017.12.20 22:52,size
청바지,아직 낮 덥 기도 반바지 를 입고싶었는데 마침 세 일도 디자인 반해서 구매 했어요 위 에다 티셔츠 아무 거나 입어도 바지 포인트 되는것 같아서 좋네요 색상 화면 밝은것,2017.09.25 01:11,None
청바지,허리 허벅지 사이 작아서 불편하긴한데 디자인 넘나 예쁜건 이애 요 사이즈 딱 맞고 기장 도 적당하네요,2018.10.27 15:30,size
청바지,모르겠어요 옷 예쁜데 사이즈 크니까 바보 같네요 남성 분들 입으면 예쁠 거 같아요,2018.10.19 06:25,size
청바지,기장 색감 핏 너무 맘 들고 빨간 포인트 덕분 무난 하게 입어도 이뻐요,2018.10.11 18:43,size
청바지,반바지 찾는 발견 핏 별로 색감 굿굿 추천,2018.09.25 21:03,size
청바지,스티치 진심 간지 작살 입니다 ㅋㅋ 사야지요,2018.09.20 21:37,None
청바지,저 다르네요 제 입으니까 동네 아줌마 같아요 바지 아무리 이뻐도 모델 좋아야 해 요 ㅠㅠ,2018.08.13 11:26,None
청바지,허벅지 부분 넓으면 편안할거 같아요 잔반 인 디자인 가격 만족합니다,2018.07.30 11:54,price
청바지,청 느낌 너무 좋아요 보통 청바지 빳빳 마른듯 느낌 인데 청바지 부드러운 촉감 신축 성도 있는듯 해 요 옷 많이 낙하 게 나온거 같진 않고 딱 맞는 느낌 이에요 원래,2018.07.30 07:45,size
청바지,좋아요 키 키로 인데 잘맞아요 사이즈 업 해도 될거 같아요,2018.07.23 19:10,size
청바지,평소 바지 사이즈 입는데 사이즈 허리 조금 진짜 조금 큰거 빼고는 딱 맞아요 기장 도 적당하고 색상 도 이쁩니다 접어서 입어도 이쁘고 접어도 이뻐요,2018.07.17 05:22,size
청바지,핏 좋고 깔끔하고 편해서 자주 입 을 같아요 ㅎㅎ 여름 대비 해서 산 같습니다 ㅎㅎ,2018.01.15 01:20,size
청바지,세 일도 디자인 도 좋아서 샀습니다 와서 보니 디자인 도 좋고 좋네요 ㅎㅎ,2017.12.07 20:21,None
청바지,아직 낮 덥 기도 반바지 를 입고싶었는데 마침 세 일도 디자인 반해서 구매 했어요 위 에다 티셔츠 아무 거나 입어도 바지 포인트 되는것 같아서 좋네요,2017.09.25 01:13,None
청바지,반바지 옆 라인 어느 옷 을 입던 스타일 받쳐주네요 어느 옷 이든 매치 되요,2017.08.17 12:04,None
청바지,근 육 발달 인데 허벅지 불편하고 딱 떨어지는 오랜 만이 네 요 만족합니다,2017.07.18 18:51,size
청바지,에도 언 아웃 핏 진 샀었는데 이번 에도 만족하네요 이쁘지만 샀던 사이즈 반바지 허리 단면 허벅지 단면 길이 차이 거의 없는데도 조금 타이 트,2017.06.10 20:29,size
청바지,사이즈 구매 사이즈 변경 부탁드렸는데 왔습니다 하지만 맞아서 다행 입니다,2017.06.11 14:50,size
청바지,언 아웃 핏 바지 처음 사는데 이쁘네요 용할게요,2017.06.01 12:04,size
청바지,사이즈 입는데 후기 사이즈 작다고 해서 사이즈 크게 주문 했어요,2019.04.05 14:03,size
청바지,짧지만 나쁘지 않네요 무난 무난 합니다,2018.09.28 13:47,None
청바지,키 허리 인데 청바지 입어요 그래서 너무 끼 면 어떻하지 걱정 했는데 배꼽 바로 아래 오는 길이 허리 도 맞고 핏 도 예쁘고 디자인 도 예뻐요 ㅎㅎㅎ,2018.07.21 19:53,size
청바지,사진 과 같아요 입으면 좋아요 편해요 다음 살게요,2019.05.03 14:21,None
청바지,다만 그걸 희 석 시키는 제 종아리 문 제일 뿐이죠,2018.10.26 23:33,None
청바지,올블랙 나왔으면 젛겠네 요 생 예쁘고 길이 수선해서 입어요,2019.04.22 00:10,None
청바지,워싱 색감 사진 이랑 똑같고 기장 많이 짧아요,2019.04.14 11:40,None
청바지,스판기없 괜차나 요 흑 청 이라 이쁘고 일자 도 잘빠졌어요,2019.03.02 13:03,None
청바지,갔는데 타이 트 하긴 입다 봄 늘어나겠죠,2019.02.01 20:13,None
청바지,색 이랑 워싱 진짜 예뻐요 처음 입었을 까칠한 느낌 있어서 불편했는데 이제 별로 없어요,2018.12.27 14:23,None
청바지,몸무게 키 평소 사이즈 입는데 사이즈 입으니 딱이에요 스판기 좋아서 무릎 쉽게 튀어나오는 단점 ㅜ ㅜ 빼곤 색상 도 핏 도 디자인 도 맘에듭니 다,2017.12.18 00:32,size
청바지,하비 여서 혹시 작을까 바 주문 했는데 다행히 딱 맞네요,2017.11.24 11:57,size
청바지,이제 더우니까 미리 장만 했는데 길이 조금 만 길면 보단 유용하게 입 을 있을 같아요 그래도 만족합니다,2018.05.02 22:51,None
청바지,찢어진 쇼츠팬츠 처음 이었습니다 결과 만족 오늘 옷 힘 을 주고 싶다하면 찾게 되는 바지 입니다,2017.06.10 02:18,None
청바지,조금 얇은데 핏 좋고 컬러 감 좋아요 봄 입으면 좋을 듯 합니다,2019.02.17 00:40,size
청바지,바지 사이즈 원래 입는데 요즘 쪄서 시켰더니 허리 엄청 큰데 다리는 딱 맞네요 색감 사진 이랑 비슷해요,2019.02.16 12:55,size
청바지,옷 타이 트 게 나왔네요 사이즈 타이트해 요,2019.02.01 20:12,size
청바지,성공 입니다 자주 애용 할거 같아요 작은 키 작은 체격 인데 잘맞아,2019.01.30 21:27,size
청바지,색감 했던대로 화면 과 똑같구요 허리 인데 했는데 딱 맞아요 신축 성 좋아서 입으면 늘어날듯 길이 짧은 편이 에요,2019.01.10 14:33,size
청바지,신축 성 도 좋고 사이즈 도 잘맞고 좋아요 색 베어나니 흰 티 조심,2018.12.31 01:45,size
청바지,겨울 입기에는 조금 얇지만 스판기 많아서 편해요 봄 가을 입으면 딱 좋을 같아요,2018.12.12 16:05,size
청바지,밀리 언 코르 청바지 이전 한번 착용 했었는데 이뻐서 이번 제품 재시 도 해봤는데 만족스러워요 샀던 스판기 별로 없어서 다소 불편한 있으나 다리는 잡아 줬,2018.09.25 01:17,None
청바지,사이즈 도 크고 무엇 냄새 너무 많이 요,2019.05.15 20:49,size
청바지,기장 도 좋고 신축 성도 좋고 샀습니다 가격 도 저렴하구요,2019.04.18 23:34,price
청바지,스키니진 인데 짱 편하네요 기장 도 짧고 맘 들어요,2019.04.18 23:31,None
청바지,진짜 너무 편하고 예뻐요 발목 부분 조금 크긴 하지만 편하고 예뻐서 감수 해도 예쁩니다 ㅜㅜ,2019.04.03 12:18,None
청바지,쫀쫀하 게 달라붙고 맘 들어요 허리 너무 커서 줄여야하는데 귀찮아서 그냥 입고있네요 달라붙는다고 불편하지도 않고 늘어나서 자주 입을듯 추천 합니다,2019.01.28 09:40,None
청바지,실물 그대로 네 용 입어보니 완전 편하고 색도 맘 들어요 배송 도 빨랐고 입을게 용,2019.04.07 22:15,None
청바지,다리 착감 깁니다 약간 레깅스 같기도 편해요,2018.11.28 01:23,None
청바지,사이즈 도 적당하고 맞아요 배송 도 라서 좋아요,2019.05.15 20:50,size
청바지,예쁜 바지 싸게 샀어요 사진 이랑 똑같아서 좋아요,2019.04.18 23:55,None
청바지,같은 브랜드 검정 바지 사이즈 딱 맞았는데 바지 작아요 많이 제 사이즈 체크 를 잘못 건지 어쩐 건징,2019.04.14 15:03,size
청바지,허리 발목 뜨는 곳 없네요 인데 사이즈 잇하게 맞아요 근데 헤짐부분 구멍 날까 걱정 되긴,2019.04.01 20:50,size
청바지,사서 입어보고 좋아서 벌 구매 후기 남깁니다 봄 여름 가을 최적 입니다 겨울 입기 살짝 춥지만 내복 입고 입으셔도 내복 과의 마찰 바지 올라가는,2017.02.06 14:31,None
청바지,색감 너무 이쁜 하늘색 이라 좋아요 청바지 같지도 않고 이쁘네요 추천 추천,2018.10.02 16:48,color
청바지,그냥 엄청 편해여 입고있습니다 색감 도 예쁘고 무난 해서 여기저기 어울려여,2018.09.27 22:50,None
청바지,연 청 반바지 필요해서 샀는데 좋네요 무난 무난 이쁜 바지 입니 바,2018.08.21 23:15,None
청바지,색깔 도 이쁘고 선물 했는데 마음 든다고 해 요 편안하게 입기도 좋고 감사합니다 이번 여름 입구 다닐거 같아요 하늘하늘하니,2018.08.09 12:56,None
청바지,원래 입는데 교환 했네요 흑 청 보단 중청 가까운 느낌 회색 가까울줄 알았는데 아니였어요 ㅜ,2018.08.01 19:33,color
청바지,그대로 싼 치곤 괜찮아요 근데 데님 반바지 아니라 데님 같은 반바지 라 뭔가 별로 네 요 물론 만족 합니당,2018.07.13 13:04,price
청바지,셔츠 랑 세트 샀는데 좋네요 따로 입어도 예쁠거 같아요 굿,2018.07.13 00:21,None
청바지,흑 청 색깔 청 느낌 많아요 남자 딱 좋네요,2018.06.25 01:47,size
청바지,연 청 흑 청 주문 해 봤는데 사이즈 잘맞네요 흰 옷 매치 하시면 어울리실듯,2018.06.15 18:08,size
청바지,사이즈 도 맞았으며 얇고 가벼워서 여름 입기 딱 좋은 거 같습니다,2018.06.11 11:36,size
청바지,얇아서 그대로 쿨링 이네요 시원하게 입을거 같아요 검청 보단 연 청 훨씬 이쁘고요,2018.05.24 20:46,None
청바지,색감 도 이쁘고 핏 도 너무 괜찮습니다 잘산것 같습니다 애용 할께요 수고 하세요,2018.05.18 16:46,size
청바지,색감 재질 모두 좋아요 여름 입기 딱입니다,2018.05.09 09:39,None
청바지,파란색 시원 해보여서 좋은데 챠콜색 먼가 색깔 그렇고 통 도 큰 느낌 같은 사이 즌데 가격 대비 좋아오,2018.04.28 20:45,price
청바지,하늘색 색상 이뻐요 ㅋㅋㅋ 근데 회색 수영장 배지 들었어 ㅋㅋ 회색 바지 조금 통 적었으면 이쁘지 않았을까 싶네요 하지만 여름 이니 크게 입는게 나을거 같기 도하 네 요 ㅎ,2018.04.19 20:22,color
청바지,뭔가 제 했던거랑 쫌 다르 긴한데 기장 도 막 길거나 짧거나 하지 않고 입다 보면 정 들것 같아요 슬림 일자핏 이고 스판 쫌 있는거 같아요,2019.04.18 19:22,size
청바지,정말 저렴한 가격 질도 좋고 배송 도 빠르고 너무 만족합니다,2019.05.10 18:25,price
청바지,편하고 색도 이쁘고 네 용 계속 입구 있습니다,2019.04.26 12:51,None
청바지,얇아용 그리구 길어요 입고 나가 보지 못 했어요 그냥 값어치 하는듯,2019.04.23 01:31,None
청바지,사이즈 작긴한데 색깔 이쁘고 재질 괜찮아 보이네요,2019.03.06 23:19,size
청바지,요 브랜드 진 을 사보는거라 반신반의 하며 구매 했는데 핏 예쁘고 신축 성 매우 좋아 완전 강추 드려요,2019.02.21 18:06,size
청바지,검정 다 품절 되서 네이비 샀는데 네이비 잘산거 같아요 스타일 이랑 입어도 잘맞는 딱 느낌 신축 성 했던것 조금 떨어지는게 아쉽지만 핏 도 예쁘고 좋아요,2019.02.09 19:37,size
청바지,평소 사이즈 입는데 주문 했더니 딱 맞네요 약간 스판기 부족한데 딱 검정 스키 니 입을만한 거 같아요,2019.02.09 01:47,size
청바지,고 샀지만 네이비 참 제 입기가 애매한 색 이라 ㅋㅋㅋ 그래도 핏 예쁘고 날씬해 고 좋습니다 얇고 신축 성 좋아서 다리 엄청 가늘어 보여요,2017.03.04 17:29,size
청바지,키 라 바지 사면 길이 진짜 항상 짧았는데 바지 길이 맞아서 아주 좋아요,2017.02.22 14:33,None
청바지,키 인데 온라인 쇼핑몰 사면 항상 너무 짧았는데 기장 너무 맘 들어요 복숭아 뼈 시작 되는 부분 쯤 끝나네요 키 크신 분 완전 추천 해요 바지,2017.02.08 17:39,None
청바지,사이즈 도 맞고 배송 도 빨랐고 그냥 기본 템 이에요 아무 받쳐 입기 조아요,2016.11.27 11:16,size
청바지,사이즈 도 좋고 핏 도 괜탆아 요 소 소 근데 길어요 키 작으면 수선,2016.11.02 11:05,size
청바지,사이 째 사네요 아쉬운건 블랙 인 고 구매 했는데 다크 블루 였어요 그래도 역시 편하고 좋네요,2016.10.28 14:23,None
청바지,배송 도 빠르고 사이즈 딱 좋아요 너무 마음 드네 요 입겠습니다,2019.01.16 09:59,size
청바지,바지 자체 튼 튼 여서 좋고 색감 핏 도 이쁘고 디스 도 이쁘네요,2018.08.28 13:50,size
청바지,스완 진 바지 처음 구매 해보는데 바지 되게 괜찮네요 신축 성은 아예 없어서 불편하긴 한데 실물 도 예뻐요 옷 박음질 마감 도 튼튼해요,2018.08.21 23:54,None
청바지,모델핏 이랑 비슷하고 색상 도 화면 이랑 비슷합니다,2018.03.23 10:30,None
청바지,재질 엄청 스판 제로 라서 앉을 불편해요 스크래치 도 이쁘고 다 좋은 엄청 껴요 빡빡 하긴 한데 이쁘고 네 여 스판 만 있었으면,2018.02.17 17:08,None
청바지,핏좋구 저렴하게 샀네요 날 풀리면 실컷 입고 다닐거예요,2018.02.02 08:43,None
청바지,핏 바지 처음 사보는건데 너무 배기 같을까봐 걱정 했었거든요 전혀 그렇지 않아요 약간 스웨 해 보이는게 오히려 귀엽고 찢어짐도 이뿝니다,2018.01.18 02:50,size
청바지,근데 진짜 짧아요 양말 없이 입으면 부끄러워요,2018.01.11 09:13,None
청바지,원래 조금 넉넉하게 입는 바지 여서 조금 큰 걸 시켰는데 예뻤을 같아요 ㅎㅎ 그래도 핏 괜찮아서 환불 그냥 입 을 게 여 ㅋㅋㅋㅋ,2018.01.08 21:25,size
청바지,입어보기 커서 별로 거 같았는데 이뻐요 사이즈 작은 걸 부를까 중이 에요,2017.12.22 20:44,size
청바지,맘 드네 요 스판 아니라서 불편하지만 디잔 이뻐요 입을께여,2017.12.03 10:08,None
청바지,핏감 도 좋고 색감 도 좋고 저렴한 가격 득템 해서 너무 좋네요 거 구매 제품 도 많이 샀어요,2017.11.27 13:53,price
청바지,색 진짜 이쁩니다 사이즈 없어서 있는거 샀더니 들어가네요 바지 몸 을 맞춰 봐야게 써요,2019.02.14 02:01,size
청바지,온라인 딱 맞는 바지 를 찾기 쉽지 않았는데 길이 도 딱 맞고 편하네요,2018.10.12 16:14,size
청바지,색감 도 너무 이쁘구요 스판끼 없어도 편합니당 지퍼 포인트 있어서 이쁜 웃 같아여 세 할 사서 득템 같아요 ㅋㅋㅋ 입을게요,2018.10.03 10:15,None
청바지,너무 너무 편하네요 색상 도 화면 과 같아요 이뻐요,2018.09.12 21:22,None
청바지,핏 도 괜찮고 색깔 도 무난 가격 이면 정말 휼륭한것 같아요,2018.09.08 20:11,price
청바지,다 좋은데 길이 짧아요 스판끼 없는데 그만큼 탄탄하게 잡아주고요 지퍼 도 포인트 괜찮구 워싱 도 구연 전체 가격 대비 굳,2018.07.04 20:49,price
청바지,거 끼긴 하는데 자크 달려 있어서 좋아요 발 넣기 도 편하구 색도 딱 모델 샷 요 예쁘게 입겠습니다 스완 진 좋아여 ㅕ,2018.02.17 17:07,size
청바지,바지 비해 스판끼 없지만 그래도 편하고 이뿌네요 브랜드 애용 할꺼에 용,2018.01.23 21:23,None
청바지,진짜 따 악 맞아요 기장 도 딱 떨어져서 굿 근데 스판 많이 없어서 주저앉 기는 조금 힘들어요 ㅋㅋ,2018.01.20 02:00,size
청바지,스완 진 이제 믿고 구매 해요 ㅋㅋㅋ 편함과 디자인 을 다 잡은 옷 이에요 전혀 싼 티 도 안나구여 이제 스완 진 단골 될려 구 요 많이 파세요,2018.01.18 02:55,price
청바지,키 인데 딱 정강이 위로 올라올 길이 고 맨날 발 넣을 발목 딱 붙는 스키 니 진짜 걸려가지고 몇번 입으면 살짝 늘어나는게 싫었는데 거 열고 입으면 신세계 입니다 ㅋㅋㅋ 약,2017.12.30 11:40,size
청바지,블 ㄹㄱ 프라이데이 이용 하여 저렴한 가격 애 샀어요 편하고 핏감 도 좋네요 여기 서 벌 샀습니다 ㅎㅎ,2017.11.30 22:05,price
청바지,스완 진 청바지 너무 편해용 세 일해 서 저렴하게 득템,2019.04.23 16:16,None
청바지,옷 스판끼없어 요 옷 만족합니다 색도 이뻐요,2019.03.01 22:20,None
청바지,마감 도 좋구 물 빠짐도 없어요 키 기장 발목 위로 올라와서 롤업 해서 입기는 그렇네요 일자 핏 이에요,2018.11.15 02:13,size
청바지,핏 도 예쁘고 저렴한 가격 샀어요 물 빠짐 없다하니 걱정 없어여,2018.11.06 14:28,price
청바지,딱 제 하체 이상 인 핏 인데 한가지 단점 라면 기재 수치 비해 밑 길이 작은듯 해 요 브랜드 제품 작은 사이즈 보다도 힙 과 밑 길이 작네요,2018.10.31 01:42,size
청바지,가격 도 저렴하고 무엇 입어보니 너무 편하고 좋네요,2018.10.04 20:19,price
청바지,보통 바지 입어서 후기 보고 삿는데 딱 이쁘게 잘맞네요 물 빠짐도 없다하니 안심 입을수 잇겟어요 핏 최고,2018.08.05 15:27,size
청바지,바지 만지자마자 들은 정말 얇다 였습니다 입고 나가면 얼어 죽을거에요 아마 여름 입기 좋은 두께 입니다 그래서 따뜻한 봄 입으려고요 길이 너무 애매해서,2018.01.04 12:25,None
청바지,상체 비 해서 하체 있는 편이 라 항상 청바지 사면 사이즈 참 애매했는데 저 사이즈 딱이에요 너무 이쁩니다,2019.04.06 08:50,size
청바지,색도 이쁘고 핏 도 좋고 편합니다 다만 사이즈 도 허리띠 없이 입기는 헐거워요 무 있는 편 습 니 단 그래도 바지 이뻐요,2018.10.04 02:12,size
청바지,예쁩니다 다만 사이즈 작아서 맞앗네요 저 마른 체격 이라 바지 고르는데 너무 힘든데 여기 브랜드 애용 하게 될거 같아,2019.01.30 21:31,size
청바지,다만 기장 짧고 저 한텐 작아서 나중 입어야겟어요,2019.05.09 11:06,None
청바지,바지 디자인 예뻐 여서 세 기간 구매 했습니다 평소 사이즈 를 입는데 힙 과 허벅지 튼실해서 꽉 끼 고 바닥 앉을 딱 불편한 감 있습니다 아랫 단 접어 입으니 핏,2019.04.30 20:47,size
청바지,입으니 제 스타일 아닌듯 골 반쪽 쨍겨용,2019.04.21 00:57,None
청바지,좋은 데님 이에요 허벅지 애매하지만 예쁜 일자 데님 이에요,2019.04.17 14:08,None
청바지,스판 없는 예전 스타일 청바지 입 을 수록 편해서 구입 가격 도 싸서 좋음,2019.04.17 08:37,price
청바지,좋은 데님 입니다 예뻐요 소재 넘 좋아여 봄 여름 입 을 있겠어요,2019.04.07 18:43,None
청바지,음 보이프렌드 핏 느낌 일자 핏임 별로,2019.04.05 21:37,size
청바지,허벅지 불편해서 다이어트 해야겠다 ㅠㅠㅠ 길이 괜찮고 다이어트 성공하면 매일 매일 입 을 예정,2019.04.03 12:16,None
청바지,입었는데 용이 라서 엉덩이 많이 끼네요 ㅠㅠ 통 비 해서 작긴한데 핏 엄청 예뻐서 만족합니다,2019.03.30 21:45,size
청바지,이쁜데 밑위 길이 넘 짧아요 분들 허리 너무 클거 같아요,2019.03.08 12:32,None
청바지,허벅지 살짝 끼긴 하지만 입다 보면 괜찮아질 같습니다,2019.02.27 14:29,None
청바지,무난 하게 입기 좋습니다 기장 도 좋고 나쁘지 않습니다,2019.02.12 04:05,None
청바지,이고 라지 사이즈 구매 했습니다 우선 전체 사이즈 하체 두꺼운 편 아닌데 지도 크지 않게 딱 맞고요 정말 딱 맞네요,2019.01.29 02:59,size
청바지,실 사이즈 완전 다름 너무 작게 나와서 아예 입을수가 없음 돈 버렸음,2019.01.23 03:40,size
청바지,이쁘고 가격 싸고 배송 빠르고 굿굿 입겠습니다,2019.01.16 23:41,price
청바지,물 빠짐이 심해서 양말 이고 너 고 다 물들어 버림 한번 뒤집어서 단독 세탁 나니 그나마 괜찮아졌네요,2019.01.14 16:26,None
청바지,스판 없어서 조금 굽힐 불편하긴 하지만 괜찮네요,2019.01.07 19:33,None
청바지,스판끼 전혀 없으니 사이즈 비교 해보시고 사세요 나쁘지 않습니다,2019.01.04 18:54,size
청바지,너무 길어서 수선 햇습니 다 랭 부분 접힌자국 빨아도 없어지네요 조금 민망하지만 이뻐서 그냥 입고 다닙니다,2018.12.29 19:43,None
청바지,밑위 좁지만 입고 있습니다 색도 이뻐요,2018.12.01 21:10,None
청바지,좋아서 샀습니다 꽤 슬림 핏하 게 좋은데 요 물 빠짐 없고 스판기없 편합니다,2018.11.28 12:44,size
청바지,가격 저렴해서 구매 를 했는데 너무 작아요 ㅠ 입 을 수가 없네요 아쉽습니다 나눔 실천 했습니다,2018.11.24 13:14,size
청바지,사이즈 주문 했는데 넘 커요 슬림핏 아니에요 ㅜㅜ,2018.11.22 15:37,size
청바지,셀비 지진 많이 샀지만 오랫동안 원하던 디자인 과 색상 입니다 가격 대비 질도 좋고 물 빠지면 정말 이쁠 듯 요 근데 밑위 짧아요 많이 여 성 기준 이라 남성 분들 그거 감안 하셔야,2018.11.22 15:18,price
청바지,생 지라 물 빠짐 테스트 해봤는데 물 빠짐 없었어요 핏 슬림하 니 딱 떨어져서 너무 이쁘네요 스판기 없어서 저 좋은 거 같아요,2018.11.16 22:02,size
청바지,못 사이즈 를 못 봐서 작은 사이즈 구매 를 했네요 근데 싸게 팔길래 환 불안하고 주변 지인 선물 하려고요 재질 좋네요,2017.03.02 20:51,size
청바지,진짜 슬림핏의끝 너무 딱 떨어지는 핏 좋아요 근데 쪼 오금 불편하긴하지만 너무 불편하진 않아서 입 을 만해 요 좋아요,2017.02.07 23:10,size
청바지,통 좁았는데 색감 굉장히 맘 들어요,2019.02.12 15:33,None
청바지,다리 짧은 편 인데 기장 저 맞아서 좋아요 여기 서 산 똑같은 사이즈 검은 바지 와 비교 했을 스판끼 덜한 편이 라 바지 잠글 흡 해야 잠글 있었어요 언니 바지,2017.03.31 22:55,size
청바지,사진 약간 밝은 색상 요 ㅎㅎ 개인 사진 마음 들어요,2019.05.07 13:07,None
청바지,세 할 샀는데 좋네요 허벅지 여유 있고 엉덩이 도 여유 있어요 할 입으려 샀는데 맘 들어요,2019.04.04 22:45,None
청바지,줄겨 입어요 할 입으려고 샀는데 닳을까봐 아깝네요,2019.03.31 11:50,None
청바지,허리 널 널한데 핏 예쁘고 네 여 키 작아서 아주 살짝 기장 여서 입 을 예정,2019.02.23 04:57,size
청바지,바지 괜찮내요 재질 도 괜찮고 가성 비 좋은 같습니다,2019.02.20 23:46,None
청바지,지퍼 단추 쉽게 뜯기네요 허리 도 엄청 크고 싼 가격 샀습니다,2018.12.09 16:55,price
청바지,입기 도편 커 팅 도 예쁘게 됐어요 입을게요,2019.05.01 20:40,None
청바지,스판 그렇게 쫀쫀 느낌 아닌데 대신 꽉 잡아주는 느낌 이라 핏 예뻐요 처음 사 브랜드 였는데 마음 드네 요,2019.04.28 18:54,size
청바지,배송 라서 넘 좋았어요 딱 받았을 실물 별로 다 싶었는데 입어 맘 에드 네 요 입을게요,2019.04.22 00:36,size
청바지,사이즈 도 딱 맞고 이뻐요 편해서 자주 입고 다닐것 습,2019.03.24 01:24,size
청바지,핏 디자인 면 괜찮은 브랜드 같아요 ㅎㅎ 자주 구매 할것 같아요,2018.12.02 01:22,size
청바지,평소 바지 를 사면 허리 항상 커서 였는데 바지 허리 랑 골반 부분 딱 맞아서 만족합니다 재질 도 했던것보다 두껍고 좋은 같아요 입겠습니다,2019.02.16 03:29,size
청바지,배송 주말 포함 걸려서 조금 긴한데 제품 완젼 이뻐요,2018.11.28 19:08,None
청바지,질 가격 대비 좋은 거 같아요 사진 벤딩 상태 배송 네 여 마감 처리 조금 그렇습니다,2019.03.27 21:01,price
청바지,싼 가격 완전 득템 했어요 요즘 매일 입고 다닙니당 니트 입으면 짱 이쁨 사이즈 샀는데 허리 인치 인데 허리 크지만 바지 널 널하니 핏 대박 이예 유,2019.03.08 21:37,size
청바지,너무 좋습니다 데미지 도 이쁘게 들어가 있어요 너무 맘 듭니 다,2019.02.16 20:44,None
청바지,너무 이뻐요 길이 도 적당하고 굳 굳 최고,2019.04.24 23:20,None
청바지,바지 길이 도 딱 당하고 이쁘게 나왔네요 어디 어울릴꺼 같네요,2019.04.02 00:55,size
청바지,핏 도 이뿌고 심심하지 않게 포인트 도 확실한 바디 입니다,2019.03.26 14:27,size
청바지,정말로 가성 비 갑이네요 바지 도 좋겠지만 정말 가격 대 면 좋다 해요,2019.03.11 12:28,price
청바지,마음 옷 을 사봤지만 그중 단연 탑안에 듭 니 다 감사합니다,2019.03.10 21:44,None
청바지,혹 여 밑위 길이 길진 않을까 걱정 했는데 걱정 을 버린 제품 도착 해서 상당히 마음 들었고 색감 허벅지 포인트 백 포켓 모두 이뻐서 좋았습니다,2019.03.08 17:35,None
청바지,디자인 이쁘고 마음 듭니 다 다만 배송 조금 늦었네요 택배 기사 아저씨 배송 오지 도 않았는데 조회 를 해보니 배달 완료 전화 했더니 못 가져다 줬다네요 상품 마음 듭 니,2019.02.21 21:32,None
청바지,개이득 데님 포인트 워싱 간지나고 뒷 포켓 도 간지남 청청 중청 자켓 코디 했는데 자칫 구릴 있는 코디 를 복 고풍 소화 코디 에도 무난 할듯,2019.02.18 19:24,None
청바지,실 사이즈 를 보고 주문 했는데 같은 사이즈 바지 비 해서 살짝 타이트 신축 성 없어서 조금 불편합니다,2019.02.10 14:44,size
청바지,슬림핏 이라고 해서 엄청 타이 트 그럴 알았는데 핏 이쁘게 나왔습니다,2019.01.23 01:55,size
청바지,넘 싸서 반신반의 하며 구매 했는데 넘 좋네요 입는데 살짝 여유 있어요 입다 보면 늘어나 커질수도 있을듯,2019.03.21 21:46,None
청바지,적절하게 이뻐요 길이 도 딱 맞고 색도 화면 과 같아요 딱 왔을 엉덩이 라인 허벅지 위쪽 공간 이쁘게 남아 서 좋아요,2019.03.03 12:35,size
청바지,딱 하던 바지 에요 맘 들고 좋아요 자주 입 을 거 같아용,2019.03.02 20:49,size
청바지,조여주는게 없고 얇아서 보통 사이즈 작게 사야 거 같아요,2019.02.19 17:07,size
청바지,핏 너무 예뻐요 색도 너무 예뻐요 다음 사고 싶어요,2019.02.16 00:15,size
청바지,우연히 보게 돼서 구매 바지 인데 왜 품절 아닌지 모르겠어요 디자인 허리 를 날씬하게 게 해줘서 라인 예뻐 게 만들어주는 스타일 입니다 키 인데 길이 적당해요 복사,2019.01.31 12:31,None
청바지,디자인 화면 과 동일하고 배송 이틀 걸린듯 합니다 통 큰 일자 바지 느낌 입니다,2018.12.08 19:40,size
청바지,사진 컬러 이쁘고 핏 도 좋아요 세 할 완전 득템 했네요,2019.04.06 08:46,size
청바지,바지 핏 엄청 이쁘고 정말 편해요 가성 비 최고 에요,2019.04.30 15:55,size
청바지,핏 먼가 애매하네요 ㅡ 바지 길이 도 짧아서 런가 이상 해보이네요,2019.04.27 08:07,size
청바지,클리어 런스 세 엄청 저렴하게 구매 했는데 기본 청바지 괜찮아요 핏 그렇게 루즈 하진 않았구 일반 일자 핏,2019.03.15 21:23,size
청바지,색깔 핏 기장 모든 완벽합니다 싼 가격 샀습니다,2019.03.12 21:03,price
청바지,사이 즈 미스 루즈 핏 나오네용 그래도 색 이랑 재질 좋아여,2019.03.04 00:43,size
청바지,오늘 도 입고있는 바지 에요 레귤러 핏 이라 제 예상 와이드 핏 아니지만 입고 있어요,2019.02.20 15:34,size
청바지,가격 도 저렴하고 색도 핏 도 이뻐서 자주 입을것 같습니다 감사합 ㄴ 다,2019.02.13 09:21,size
청바지,인데도 복사뼈 못 덮을 길이 짧네요 따 흑 세 일해 서 싸게 구입 했고 색 너무 맘 들어서 만족합니다,2019.02.09 22:43,None
청바지,재구매 의사 잇습니다 핏좋 고 뼈 요 촤 고 최고,2019.02.07 20:22,None
청바지,옷 핏 도 좋고 다음 구매 싶습니다 만족합니다,2019.02.06 17:14,size
청바지,동생 려고 삿 어 용 ㅋ 입혀 봤더니 낙하 니 모델 분 핏 나오네여,2019.01.02 14:47,size
청바지,티비 서 지수 분 입고 나온 보고 이쁘다고 했어요 입을게요,2019.01.01 14:55,None
청바지,두께 두껍고 튼튼해서 자주 입어요 세 일가 ㄱㅇㄷ 입니다,2018.12.23 18:02,None
청바지,기장 감 조금 길긴한 그래서 다리 길어 보입니다 가볍고 편하게 입 을 있을 같아요,2019.04.02 14:31,None
청바지,선물 인데 가격 대비 재질 좋구 핏 도 알차네요 친구 좋다고 감사합니다,2019.04.21 14:17,size
청바지,색도 마음 들고 핏 도 괜찮아요 근데 허리 낑겨서 을 빼고 입으려고요 ㅎㅎ,2019.04.18 22:36,size
청바지,색깔 제 딱 원하던 연 청 이에요 노랭끼 없이 딱 흰 연 청 핏 스키 니 가까운데 발목 만 딱 붙지 않는,2019.02.09 02:01,size
청바지,이쁨 근데 실사 이즈 조금 작은거 같아 하지만 스 판기 많아서 괜찮아요 좋아요,2019.05.01 20:39,None
청바지,미듐 샀는데 너무 작았어요 ㅠㅠㅠ 입는데 평소 엉덩이 랑 허벅지 너무 끼어서 사이즈 바꿔서 라지 받았는데 딱 착용 감 편하면서도 핏해 서 좋아요 교환 느렸는데 기다린,2019.04.12 23:12,size
청바지,색상 밝아서 보다는 봄 어울릴것 같아요,2019.01.16 01:44,None
청바지,두께 도 적당하고 바지 도 이뻐요 할인 도 할 사서 만족해요,2019.04.27 16:52,None
청바지,색 중청 이에요 핏 진짜 이쁘고 스판 도 적당해요,2019.04.26 17:26,size
청바지,반 사이즈 작게 나왔 다해 서 크게 주문 했는데 잘맞아여,2018.12.30 21:28,size
청바지,주문 후 일만 왔습니다 신축 성 있어요 핏 좋습니다,2018.12.09 15:01,size
청바지,배송 정말 빠르구요 정말 타이 트 게 나왔네요 난 당연히 라 했는데 바지 입는데 뱃살 튀어 왓 네 요 교환 하기 귀찮아 살빼서 입을게요,2019.02.26 15:24,None
청바지,튼튼하고 사이즈 도 적당해서 맬것 같아요 좋아요,2019.05.15 10:08,size
청바지,가방 진짜 너무 이뻐요 옷 입어도 들고 다닐 있을 다 어울려요,2019.05.13 18:56,None
청바지,이뻐요 어디 코디 해도 이상하지 않아요 심플 하게 크기 도 적당히 커요,2019.05.13 09:32,size
청바지,별로 에요 그냥 그저 그래여 차라리 저 거 네이비 네모 없는거 사세요,2019.05.13 01:56,None
청바지,크기 작고 그래도 들어갈 껀 다 들어가요 이쁘야,2019.05.04 13:10,size
청바지,선물 했는데 편하고 옷 이랑 도 무난 하게 코디 가능하다고 좋아했습니다 만족해요,2019.05.05 00:58,None
청바지,디자인 이쁘게 나왔어요 핑크색 특히 포인트 인 같아요,2019.05.05 00:56,None
청바지,기대 뿌 네 요 티 랑 가방 사고 사은 품도 받았습니다 다만 처음 보내주실 사은 품 빠트려 서 배송 받고 보내주신 사은 품 가방 구매 가방 이랑 똑같은 거네욤,2019.05.04 23:36,None
청바지,아메 마 실룩 용 오케이 가볍게 나갈 따도 좋아요,2019.05.01 09:28,None
청바지,아무 막 기도 좋고 진짜 딱 원하던 재질 여서 맘 들어요 커서 물건 도 많이 들어가네요,2019.05.06 23:59,size
청바지,무난 하게 여기저기 어울리 네 여 크기 도 적당합니다 튼튼해요,2019.03.20 22:40,size
청바지,이쁘고 무난 해서 자주 들고 다녀요 크기 도 적당하고 많이 들어가요,2019.03.06 16:36,size
청바지,들고다니 기도 편하고 가방 도 커서 괜찮네요 작은 주머니 도 맘에듭니 다,2019.03.04 22:42,size
청바지,에코 백 사진 이랑 똑같고 커요 보부상 좋을거 같아요,2019.03.02 13:29,size
청바지,박스 로고 샀는데 일반 로고 왔어요 여행 갈 매 려고 산거라 당장 써야 해서 반품 합니다만 검품 제대로 해주세요,2019.02.15 21:17,None
청바지,크기 보통 에코 백 크기 구 요 가방 작은 주머니 도 있어요 에코 백 치곤 비쌌지만 그래도 이븝니 다,2019.02.14 16:40,size
청바지,계속 쓰던 가방 어깨 자꾸 흘러내려서 짧은 걸 구매 했는데 적당하네요 색상 도 구매 하고싶어요 튼튼합니다,2019.02.13 20:56,None
청바지,개인 무신사 애용 하는데 일본 브랜드 덕후 로써 좀더 다양하고 많은 일본 브랜드 입점 했으면 좋겠어요 리 에코 백 뭐 굳이 설명 할 필요없이 질 좋고 예쁩니다,2019.02.09 04:05,None
청바지,무난 막 들고다니기 좋은 가방 이에요 크기 도 적당합니다,2019.01.31 21:27,size
청바지,배송 도 빨리 왔고 가방 도 실제 받아 보니 너무 예뻐요 ㅠㅜㅜ,2019.01.12 13:18,None
청바지,저렴한 가격 리 에코 백 득템 했네요 로고 예뻐요,2019.01.07 20:35,price
청바지,딱 존예 자체 입니다 크기 도 길이 도 적당합니다 로고 몹시 이쁩니다 세 할 잘산듯 로고 있는것도 이쁜거 같지만 만족,2018.12.09 16:23,size
청바지,친구 선물 샀는데 맘 든다고 튼튼해서 노트북 도 거뜬합니다,2018.11.25 02:24,None
청바지,디자인 브랜드 질 배송 다 너무 맘 드네영 마니 사 세영,2018.11.22 11:44,None
청바지,했던 보다는 작은것 같긴 대 그래두 역시 깔끔하고 이쁘네요 매고 다닐게,2019.05.15 18:30,None
청바지,에코 백 심플 하면서도 포인트 되는게 이쁩니다 재질 도 괜찮고 추천 합니다,2019.05.16 00:36,None
청바지,너 버여 어디 매고 다니 기도 편하고요 에코 백 자주 맸는데 자주 찾을 거 습,2019.05.13 21:39,None
청바지,리 로고 아주 이쁘고 마음 쏙 듭니 다 가격 도 저렴한 같구요,2019.05.11 17:24,price
청바지,일리 매고다니기 딱이에요 아직 같은 가방 많이 못 봤어 융,2019.05.12 11:50,None
청바지,크기 도 딱 적당하고 이뻐요 편하게 들고다니기 좋을꺼 같아요 맘 듭니당,2019.05.10 01:43,size
청바지,공책 도 들어가고 딱좋은 사이즈 입니다 색도 하얀색 아니라서 부담 없어요,2019.05.07 18:30,size
청바지,색도 예뿌 고 공간 도 넓어서 좋아용 핑크 신의 한수,2019.05.05 22:15,None
청바지,일리 가방 좋아요 수납 공간 도 넉넉하고 아무 매기 좋습니다,2019.05.05 21:44,None
청바지,에코 백 필수 필요한데 리 브랜드 처음 구매 해봣는데 로고 큰게 너무 이뻐요 저희 아빠 도 브랜드 알고있어서 신기했 네 욭 ㅌㅌㅌ,2019.05.04 18:34,None
청바지,친구 생일 선물 샀어요 제 갖고싶네요 화면 조금 누 요 ㅎ,2019.05.04 10:29,None
청바지,적당한 아이보리 무난 하세 사용 할 있는 가방 튼튼하고 나쁘지 않음,2019.05.04 21:13,None
청바지,프린트 빈티 갬 성 포인트 주기 좋습니다,2019.05.01 18:12,None
청바지,청바지 랑 되게 어울리네요 많이 흐물 거리 지도 않고 좋습니다,2019.05.01 12:30,None
청바지,역시 리 에코 백 튼튼하고 괜찮네요 계절 상관없이 여름 에도 메고 다닐 있을 습,2019.04.29 16:36,None
청바지,에코 백 역시 배신 하지 않아요 넘 예뻐요 ㅎㅎ,2019.04.29 09:03,None
청바지,네이비 엄청 푸른 끼 도 돌아서 마음 듦 그냥 아무 어울리는 같다,2019.05.01 09:29,None
청바지,상품 마음 들고 예뻐요 배송 조금 느렸습니다,2019.05.01 22:56,None
청바지,무난 하게 들고 다닐 에코 백 필요해서 구매 했는데 튼튼하고 조아요,2019.05.01 23:34,None
청바지,주문 하려고 했는데 잘못 눌러서 주문 했습니다 리만 이뻐서 고 있다가 선물 주려구요,2019.04.28 15:01,None
청바지,진짜 예뻐요 ㅜㅜ 했던거 사이즈 도 크고 수납 공간 도 많아서 조은 거 같어요 ㅠㅎㅎ,2019.04.28 13:32,size
청바지,일리 들고다니기 딱 좋은 같아요 아무 옷 에나 매치 하기도 쉽 네 용,2019.04.26 22:36,size
청바지,예쁜데 가방 너무 작네요 조금 크게 나왔으면 좋았을텐데,2019.04.26 11:25,None
청바지,리 빅 로고 에코 백 네이비 들고 다니면서 이쁘다고 많이 하더라구요 짱짱하고 너무 빳빳 하지도 않고 좋습니다,2019.04.25 12:28,size
청바지,크기 도 딱이고 디자인 도 딱입니다 노트북 도 들어가는 깊이 에요 쥬얼 옷 어울리고 좋아요,2019.04.22 10:33,size
청바지,핑크색 흔하지 않고 적절해서 귀엽고 마음 드네 요,2019.04.21 21:29,None
청바지,화사한 아이보리 캔버스 구 요 색상 사진 이랑 똑같아요 스키 니 랑 매치 굿굿 이더라구요 만족 입니다,2019.04.20 14:43,None
청바지,재질 도 탄탄하고 좋음 인기 잇는데 이유 잇어여,2019.04.20 00:35,None
청바지,마크 이쁘고 딴딴합니다 색감 도 평탄 ㄷㄴ 칩니다 키도 적당합니다,2019.04.18 05:11,None
청바지,커서 수납 하기 좋을 같아요 예쁩니다,2019.04.17 20:09,None
청바지,친구 생일 선물 줬더니 너무 좋아하네요 가방 이뻐요,2019.04.17 15:45,None
청바지,일본 사오려다가 못 샀는데 무신 사 팔고 있어서 구매 했어요 이뻐요,2019.04.16 22:04,None
청바지,튼튼하고 이뻐요 사고 데님 예쁜거 같아서 살짝 후회 인데 뭐 사야지 싶어요 ㅋㅋ,2019.04.15 09:59,None
청바지,리 에코 백 유명하자나요 사이즈 도 딱 좋고 깊어가지고 들고 다닐 너무 좋습니다,2019.04.14 11:50,size
청바지,완전 이뻐요 일리 쓰기 완전 딱이에요 여자친구 선물 최고,2019.04.13 23:03,None
청바지,진짜 심플 로고 너무 이쁘고 그냥 진짜 이쁘다 에코 백 추천,2019.04.12 20:22,None
청바지,약간 재질 물거리 긴하지만 너무 이뻐서 사고싶네요,2019.04.10 15:07,None
청바지,진짜 믿고 사는 에코 백 짱 이쁩니다 엄청 편하구 다 어울려용,2019.04.07 00:01,None
청바지,크기 도 적당하고 공책 넣고 다니기 편한 같아요 포켓 있어서 화장품 카드 넣기 좋아요 ㄱ,2019.04.06 14:58,size
청바지,기본 에코 백 활용 하기 좋네요 일리 룩 어울려요 쓸게요,2019.04.06 00:33,None
청바지,아무 옷 에나 입기 편하고 세탁 편해서 좋은 거 같네용,2019.03.27 10:39,None
청바지,끈 길이 적당하고 아무 매치 해도 귀엽게 어울려요 네이비 로고 젤 이쁜것 같아요,2019.03.26 01:43,None
청바지,평소 일리 들고다니려고 샀는데 들고 다니고있어요 무난 에코 백 입니다,2019.03.23 02:39,None
청바지,일본여행 갔다가 저 브랜드 뭐 했는데 자꾸 른 아른거렸어요 실물 받아 보니 무난 듯 하면서 예쁩니다 가격 도 그리 비싸지 않아 좋아요,2019.03.17 11:55,price
청바지,얇지만 깔끔하고 좋아요 들고 다닐것 같아요,2019.03.16 09:33,None
청바지,깔끔한 에코 백 필요해서 샀는데 딱이네요 좋아요 좋아요,2019.03.15 11:39,None
청바지,마실 나갈 들고다니기 좋습니다 학생 에게도 좋습니다,2019.03.14 19:14,None
청바지,디자인 자체 워낙 깔끔해서 기본 들고다니기 좋아요,2019.03.11 00:35,None
청바지,기본 에코 백 어디 에나 편안하게 매치 하기 좋습니다 구매 하세요 강 추합니다 너무 예뻐요,2019.03.10 20:13,None
청바지,딱 깔끔하니 적당한 사이즈 이쁜 에코 백 이에요 ㅎㅎ,2019.03.07 21:57,size
청바지,깔끔하니 학교 다닐 편하게 들고 다닐수 있을것 같아요,2019.03.02 14:51,None
청바지,에코 백 기본 좋아요 로고 도 귀엽고 깔 끔 자체,2019.02.28 16:03,None
청바지,일리 가지고다니면 어디 에나 어울릴꺼 같아여 조그만 포켓 잇어서 폰 넣어다니면 편할꺼 같아용,2019.02.27 23:37,None
청바지,했던데로 심플 가볍게 매기 좋을거 같습니다,2019.02.27 14:25,None
청바지,포켓 주머니 도 있고 좋아용 산 같네요 ㅎㅎ 일리 에코 백 적합해여,2019.02.26 23:45,None
청바지,심플 이즈 베스트 라는 제일 어울리는 에코 백이 용 강추,2019.02.26 15:33,None
청바지,산것 같아요 예뻐요 추천 합니다 아무 옷 에나 들고다니기 좋아요,2019.02.25 07:38,None
청바지,여자친구 선물 사줬는데 너무 좋아하네요 재질 도 탄탄하고 좋습니다,2019.02.24 10:57,None
청바지,끈 길이 살짝 긴 듯 리 로고 도 예쁘고 천 재질 도 좋아서 마음 듭니 다,2019.02.24 10:15,None
청바지,배송 빠르고 크기 도 적당합니다 작은 포켓 있어 유용할듯 합니다,2019.02.23 22:54,size
청바지,에코 백 흰색 사려고 했는데 너무 예뻐서 샀어요 다음 에도 살게요,2019.02.22 20:28,None
청바지,코디 기도 쉽고 이쁩니다 에코 백 매우 추처 니요,2019.02.23 02:11,None
청바지,사진 뭔가 밑쪽 좁 아보 여서 걱정 했는데 실물 진짜 예뻐요 들고 다닐 게 여,2019.02.17 02:10,None
청바지,박스 로고 에코 백 왔어요 진짜 기대했는데 ㅜ 교환 하는 과정 귀찮아서 걍 사려구요 뭐 간 예쁘긴 하니 까요 ㅜㅜ 다음 부턴 검수 제대로 해서 보내주세요,2019.02.15 20:02,None
청바지,화면 받아 보는게 예쁘네요 쓸것 같아용 만족합니당,2019.02.13 15:16,None
청바지,들고 다닐 가방 없어서 샀어요 튼튼하고 주머니 도 있어서 좋아요 강추 입니다,2019.02.11 23:23,None
청바지,막 들기 좋고 디자인 도 깔끔해서 부담 없이 들고 다닙니당,2019.02.04 04:29,None
청바지,너무 예쁩니다 저 들고 다니기 편한 가방 이에요,2019.02.03 01:18,None
청바지,했던거보다 약간 물거리 긴 하지만 가격 대 치고는 괜찮습니다 안쪽 수납 공간 도 있구 깔끔해서 어느 옷 에든 어울리고 좋아욤 ㅎㅅㅎ,2019.01.20 20:21,price
청바지,크기 도 딱 좋고 편하게 들고 다녀요 너무 얇지도 두껍지도 않고 적당해요 포인트 되구 예뻐요,2019.01.18 20:37,size
청바지,심플 해서 코디 들어도 다 어울려요 수납 공간 도 제법 넉넉해서 많이 들어가요,2019.01.18 17:35,None
청바지,예뻐요 심플 해서 예쁘고 어디 에나 다 어울릴 같아용,2019.01.13 18:09,None
청바지,여자친구 선물 해 줬는데 딱 좋네요 메기 남자 은감 있어요,2019.01.11 02:05,size
청바지,상품 및 배송 모두 만족 합니다 제 원하던 재질 과 비슷해 일리 백 같아요,2018.11.30 17:02,None
청바지,아주 얇지 않은 소재 라서 입기 좋겠어요 일자 떨어지는 핏 매우 맘 들어요 밀리 언 코르 바지 만 세 째인데 사이즈 바지 제일 작네요,2019.04.17 18:24,size
청바지,딱 입기 좋아요 색감 도 이쁘고 두께 감도 제 에요,2019.04.27 16:51,size
청바지,핏 별로 인 듯 밑단 길이 어정쩡 합니다 제 주문 상품 아닌줄 알았네요 부와 부 사이 어딘가 제 주문 상품 맞겠죠,2019.02.27 00:03,size
청바지,핏 도 기장 도 딱 이쁘구요 튼튼한것 같아 좋아여 ㅎㅎ 오래 입을것 같아요,2019.04.10 19:27,size
청바지,여기 랑 핏 맞아요 구매 할께요 입겠습니다,2019.03.26 16:28,size
청바지,일단 핏 너무 만족스럽고 예쁩니다 스키 니 답지 않게 편하구요,2017.08.04 03:06,size
청바지,버클 색상 참 빠져서 아주 만족합니다 허리 사이즈 도 딱 맞아요,2019.05.12 09:36,size
청바지,가죽 튼튼하고 버클 무광 넘 어울립니다 인치 허리 맞습니다,2019.05.11 15:12,None
청바지,기존 벨트 길이 너무 길었는데 이건 옵션 있어서 너무 좋아요,2019.05.09 00:51,None
청바지,벨트 디자인 도 예쁘고 탄탄하니 질 좋네요 잘쓰겠습니다,2019.05.02 23:28,None
청바지,재질 좋고 오래 쓸것 같아요 브레스 색 앤 틱 게 이쁘네요,2019.05.02 23:17,None
청바지,가격 디자인 맘 들어요 ㅎㅎ 배송 도 항상 빠르고 좋아요,2019.04.27 17:19,price
청바지,제품 진짜 물건 입니다 고민 하지말고 사세요 진짜루,2019.04.26 17:33,None
청바지,만원 만 후반 대 제품 니깐 가죽 이니 가성 비 괜찮은 같아요 사이즈 라 갔는데 딱 구멍 번째 잘맞네요 버클 도 이뻐요,2019.04.24 22:53,size
청바지,믿고 사는 페이퍼 리즘 입겠습니다 다음 에도 구입 할게요,2019.04.24 16:24,None
청바지,쓰니까 주름 자글자글 지긴 했는데 싼값 이라 그냥 씁니다,2019.04.24 13:34,None
청바지,구멍 송곳 뚫은것 같은 마감 이에요 버클 덜렁 거립니 다,2019.04.24 09:54,None
청바지,색상 너무 마음 들어서 좋아요 색도 사야겠어요,2019.04.20 19:56,None
청바지,처음 강한 인상 버클 이어서 걱정 되었는데 그냥 모든 룩 무난 하게 어울립니다 뒷 면 갈라짐 빼고는 아쉬운게 없네요,2019.04.14 10:43,None
청바지,사진 과 상태 똑같구여 배송 도 아주 빠르고 포장 도 되어서 만족합니다 이온 무신사 매거진도 보겠습니다,2019.04.07 13:40,None
청바지,아주 좋은 벨트 입니다 청바지 슬 렉스 아주 기본 기본 충실한 기본 인 벨트 에요,2019.04.04 11:49,None
청바지,사의 베지터블 가죽 벨트 구매 할까 했는데 가격 하니 엄두 났는데 거 저렴하고 괜찮네요,2019.04.03 07:39,price
청바지,버클 구성 도 떨어져 고 가죽 도 늘어날것 같아요 돈 들여서 다른거 살걸 하는 후회 남지 만 써 볼게요,2019.03.25 17:46,None
청바지,퀄리티 도 버클 도 맘 에드 네 요 버클 약간 포인트 될만 게 디자인 되어 있었으면 좋았겠지만 도 만족합니다,2019.03.23 17:26,None
청바지,벨트 모르지만 곳 확실히 저렴한 가격 구입 할 있다는게 최고 장점 같네요 버클 모양 너무 이쁩니다 브랜드 보기 힘든 모양 같은데 좋네요,2019.03.22 22:08,price
청바지,디자인 도 예쁘고 좋네요 냄새 만 났으면 좋았을 같아요,2019.03.21 18:42,None
청바지,재질 도 나쁘지 않네요 근데 벨트 냄새 조금 나네요,2019.03.21 18:41,None
청바지,벨트 크랙 없이 이쁘게 배송 와 서 좋구 슬림 팬츠 입 을 매칭 하기 이뻐서 좋아요,2019.03.21 12:31,size
청바지,사이즈 저 작긴한데 교환 비 아까우니 그냥 써야 할듯 흑,2019.03.20 15:57,size
청바지,무난 벨트 차고다니기 좋아요 버클 도 깔끔해요,2019.03.16 22:23,None
청바지,너무 너무 좋아요 다음 구매 할 입니다 추천 합니다 ㅎ,2019.03.16 12:57,None
청바지,쓰던 벨트 오래 기도 했고 길어서 불편 했는데 좋음,2019.03.16 07:31,None
청바지,깔끔한 느낌 이라 좋아요 재질 도 괜찮은 같아요,2019.03.08 19:59,None
청바지,정말 그냥 무난 합니다 급하 신분 사기 괜찮을거 같아요,2019.03.06 18:35,None
청바지,갖고싶던 디자인 합리 인 가격 득 했습니다 행복합니다,2019.02.28 17:50,price
청바지,벨트 버클 조금 덜렁 거리 느낌 있긴 한데 깔끔하고 좋아요,2019.02.28 17:10,None
청바지,딱 원하는 가죽 벨트 입니다 가죽 두께 도 적당하고 버클 크기 도 너 무크 않고 어울리네요 가성 비 집니다 데님 팬츠 입을거 같아요,2019.02.28 17:07,size
청바지,벨트 크기 도 적당하고 튼튼하네요 매우 만족해요,2019.02.27 11:11,size
청바지,기 본 템 추천 두께 감도 그렇고 가격 도 그렇고 적당합니다,2019.02.25 12:56,price
청바지,가죽 밸트 필요해서 찾다가 구매 했는데 부족한 부분 없이 만족합니다,2019.02.17 12:58,None
청바지,기본 아이템 라소 그런지 깔끔합니다 쯤 있으면 많이 쓸거 같아여 꽤 튼튼한듯,2019.02.15 15:47,None
청바지,가격 대 개리슨 벨트 찾기 힘든데 잘산것 같아요 ㅋㅋㅋ 웨어 착 에도 어울릴것 같아요,2019.02.10 09:40,price
청바지,벨트 길이 어찌나 길던지 요 거 적당해요,2019.02.09 15:49,None
청바지,벨트 필요해서 삿는뎅 괜춘한듯 오래오래 쓰겟 습,2019.02.07 23:12,None
청바지,사이즈 도 낙하 니 가죽 도 튼튼해서 오래 쓸 있겠 네 유,2019.02.05 20:52,size
청바지,두껍고 건가 했는데 미니 멀하고 깔끔하네요,2019.02.03 13:50,None
청바지,길이 도 딱 좋고 재질 튼튼해서 오래 사용 할수 있을거 같아요 디자인 도 심플 해서 너무 마음 듭니 다,2019.01.04 19:09,size
청바지,무난 블랙 이랑 틱 실버 맞네요 어디 에든 어울릴 거 같아서 좋아요,2019.01.04 15:24,None
청바지,심플 해서 데일 리용 가볍게 착용 하기 좋네요,2019.01.03 20:11,None
청바지,믿을 있는 무탠 페이퍼 리즘 브랜드 인지 라 품질 도 좋고 예쁩니다 가성 비도 가격 이면 합격 이고 자주 애용 하는 입니다,2019.01.03 18:38,price
청바지,이정 도 가격 이만 벨트 찾기 힘들 듯 그만큼 길이 감도 적당하게 좋음 ㅎ 꼭 사시길,2018.12.29 22:57,price
청바지,제 원하던 디자인 벨트 싸게 사서 좋네요 근데 저렴한만큼 가죽 질 크게 좋거나 하진 않네요,2018.12.27 17:24,None
청바지,완전 만족스러운 벨트 입니다 다음 에도 페이퍼 리즘 을,2018.12.22 14:34,None
청바지,질문 답변 도 느렸고 딱 가격 하는 벨트 같아요,2018.12.21 22:12,price
청바지,했던것과 같아서 너무 좋네요 버클 도 맘 들고 가죽 도 나름 튼튼한거 같아서 좋아요 제 라서 쭉 당겨서 착용 해도 조금 남는게 흠 이지만 제 살이 찌 면 될거라고 봅니다 다음,2018.12.17 02:41,None
청바지,두께 도 예상 하던대 로고 일리 벨트 사용 있어요,2018.12.15 18:46,None
청바지,가죽 도 탄탄하고 길이 도 딱 맞네요 가죽 두께 도 굵어요 ㅎㅎ,2018.12.14 13:11,size
청바지,사가 버클 굉장히 포인트 로서 좋네요 사이즈 도 딱 맞고 이쁘네요,2018.12.08 02:34,size
청바지,좋은 가격 두툼 튼튼한 가죽 여러 팬츠 활용 도 높은 레더 벨트 입니다,2018.12.07 01:28,price
청바지,벨트 필요해서 삿는데 넘니 좋네요 다음 에도 살게요,2018.12.04 08:08,None
청바지,벨트 역시 검정 이쁨 어느 바지 에나 완전 착 붙 템 다음 벨트 낡으면 구매 하겠 슴 당,2018.12.03 04:23,None
청바지,청바지 너무 어울리네요 다음 에도 이용 할 ㅋ 게요,2018.11.30 13:29,None
청바지,디자인 깔끔하고 예쁩니다 잘쓰겠습니다 감사합니다,2018.11.30 00:49,None
청바지,실 사이즈 다른거 같습니다 동생 줘 버렸습니다 아쉽습니다 하지만 싼 가격 쓸만 합니다,2018.11.28 14:20,price
청바지,좋은 가격 좋은 제품 있었 엉 ㅅ 만족하는 부분 이에요,2018.11.27 14:33,price
청바지,매우 고급스럽지는 않지만 세 가격 저렴하게 좋은 벨트 구해 갑니다,2018.11.27 11:16,price
청바지,색깔 도 이쁘게 빠졌고 착용 감도 좋은데 벨트 뭔가 애매해요,2018.11.26 21:26,None
청바지,괜찮에요 재구매 할게요 청바지 다 어울려요,2018.11.26 14:24,None
청바지,재질 도 괜찮고 막 쓰기 좋겠네요 ㅎㅎ 아메 카나 웨어 룩 좋을 듯 요,2018.11.26 13:01,None
청바지,맨 처음 가죽 냄새 심했는데 몇번 사용 냄새 나더라구요 오래 써도 괜찮을 거 같은 느낌,2018.11.26 12:56,None
청바지,가죽 퀄리티 도 아보 이고 버클 도 좋아요 청바지 랑 입으면 되게 어울리더라구요,2018.11.25 00:46,None
청바지,무난 하게 어디 다 어울릴듯 해 요 허리 인데 작고 사시는게 나을듯 도 맞긴 맞아요,2018.11.23 15:07,None
청바지,이건 진짜 기 대 이상 요 비싼 좋은젤트 살까 ㅜ 하다가 ㅜ 거 샀는데 만족,2018.11.23 14:57,price
청바지,가격 대비 좋네요 가성 비 라는 절로 나오는 벨트 입니당,2018.11.23 11:35,price
청바지,사이즈 너무 딱 맞아요 작다고까지 느낄 평소 본인 입는 옷 사이즈 대로 가는 게 맞다고 봅니다,2018.11.23 10:08,size
청바지,검으 색 벨트 샀는데 특유 섹시함이 잘나오는것 같아서 좋습니다 ㅎ,2018.11.22 18:49,None
청바지,사이즈 인데 작은거 했는데 젤끝 두번째 구멍 들어가네요 ㅅ 사이즈 큰 사이즈 할 걸 그랬어요 뭐랄까 벨트 짧게 잘못 짤 라서 어쩔 수없이 차고 다니는 느낌,2018.11.22 12:32,size
청바지,슬랙스 어울리고 진짜 괜찮네요 추천 합니다,2018.11.22 00:19,None
청바지,바지 입는데 길이 너무 딱 맞고 조금 여유 있으려면 좀더 큰 사이즈 도 좋을듯,2018.11.21 02:56,size
청바지,냄새 조금 나고 버클 부분 유광 요 예상 그렇지만 만족합니다,2018.11.21 23:38,None
청바지,만원 짜리 가죽 퀄 낳은거 같네여 ㅜ,2018.11.26 04:32,None
청바지,그냥 깔끔하게 무난 합니다 기본 편하게 차고다니기 좋네요,2018.11.19 19:53,None
청바지,너무 너무 좋은 상품 입니다 가격 도 저렴하고 이쁩니다,2018.11.18 02:40,price
청바지,보단 크지만 빠르게 배송 받았구요 잘쓰고있습니다,2018.11.17 00:08,None
청바지,깔 끔 무난 허리 이상 분들 사세요 사이즈 하인 분들 사세요,2018.11.11 13:57,size
청바지,디자인 깔끔하고 이뻐서 가끔 매고 다녀요 벨트 필요하시면 사세요,2018.10.20 11:14,None
청바지,즐겨 입는 와이드 슬랙스 제 게 커서 구매 했었는데 딱 좋네요 추천 합니다,2018.10.19 17:30,size
청바지,가죽 도 좋고 길이 도 적당한 같습니다 조금 써 봐야지 같은데 그냥 딱 가격 제품 같습니다,2018.10.18 20:58,price
청바지,어디 에나 매치 하기 좋고 심플 해서 좋아요 살짝 두께 있는 편,2018.10.13 00:24,None
청바지,벨트 신경 별 쓰시 분 아니면 검정색 무난 하게 가성 비 가실수 있을거 같습니다,2018.10.11 22:42,color
청바지,튼튼해 고 길이 도 적당합니다 배송 도 라서 좋습니다,2018.10.11 18:22,None
청바지,이쁘고 무난 길이 감도 좋고 재질 도 왠 좋은 거 같네요 근데 오래 못 사 용할듯 돈 모아서 좋은 거 사는게 날듯 합니다,2018.10.10 16:19,None
청바지,무난 해여 색 금색 샀어도 괜 ㅊ 낳았을듯 ㅎㅎ,2018.10.09 15:34,color
청바지,일단 벨트 버클 크기 색 매우 조화로움 만족 벨트 가죽 광택 도 만족 이지만 가죽 뒷 면 먼가 갈라져있는게 불안함,2018.10.06 23:53,size
청바지,버클 도 자연 스럽게 이쁘고 가죽 도 튼튼한거 같아서 만족합니다 바지 입는데 구멍 째 착용 하니까 딱 좋네요,2018.10.05 22:54,size
청바지,사이즈 를 못 사서 맞지 않긴 하는데 재질 도 괜찮고 가격 대비 좋습니다,2018.10.04 22:01,price
청바지,깔끔해요 슬랙스 셔츠 넣어 입 을 자주 차는데 편해요,2018.09.30 19:15,None
청바지,보니 괜찮네요 자주 사용 다녀야겠어요,2018.09.29 12:55,None
청바지,사이즈 구매 했습니다 구멍 까지는 넉넉하네요,2018.09.18 22:20,size
청바지,유니클로 벨트 를 썼는데 유 클꺼보다 예쁘고 가성 비굿 입니다,2018.09.18 23:46,None
청바지,기본 아이템 좋은 듯 팔 각 버클 기본 사각 훨씬 예쁘네요 셔츠 티 넣어 입 을 예쁘게 보입니다,2018.09.14 09:34,None
삿는데 좋아요,2019.05.04 18:17,None,
